building_id,damage_grade
11456,1
16528,1
3253,1
18614,1
1544,1
12568,1
15497,1
13987,1
9598,1
6668,1
4244,1
17420,1
5781,1
4570,1
15716,1
2401,1
6295,1
16204,1
10057,1
415,1
5642,1
8266,1
8645,1
7331,1
8214,1
10786,1
3729,1
6793,1
4895,1
3169,1
12492,1
10811,1
14233,1
13769,1
6595,1
16324,1
18336,1
5065,1
10985,1
3153,1
4908,1
19728,1
644,1
6096,1
7484,1
8829,1
6052,1
4218,1
11823,1
19005,1
7239,1
1841,1
4120,1
17580,1
8181,1
3835,1
8876,1
7915,1
14108,1
7716,1
6753,1
19206,1
2247,1
2655,1
17958,1
19483,1
8736,1
17843,1
9958,1
891,1
2782,1
1104,1
12143,1
12031,1
13667,1
8561,1
4385,1
2784,1
9119,1
3198,1
5674,1
2055,1
8018,1
4,1
7661,1
1332,1
7803,1
17122,1
11939,1
8222,1
14626,1
72,1
15675,1
7076,1
1463,1
2277,1
8069,1
11148,1
14480,1
3894,1
6636,1
12209,1
596,1
15216,1
9624,1
12787,1
18434,1
168,1
11635,1
2029,1
2036,1
14667,1
4476,1
343,1
1916,1
6016,1
9826,1
7763,1
7424,1
5213,1
19916,1
18485,1
16474,1
17514,1
18300,1
13375,1
9755,1
18787,1
12453,1
17640,1
3833,1
5953,1
7970,1
9726,1
14276,1
9262,1
15783,1
5743,1
16667,1
7639,1
18500,1
14459,1
10755,1
18726,1
88,1
3301,1
16581,1
19850,1
3095,1
11902,1
10488,1
9008,1
12656,1
18383,1
19246,1
18538,1
1288,1
15600,1
10610,1
16845,1
16622,1
11946,1
943,1
14095,1
5977,1
16685,1
19410,1
14958,1
10691,1
14955,1
811,1
6981,1
516,1
13622,1
8120,1
9628,1
5101,1
7719,1
14378,1
10902,1
9373,1
1602,1
14793,1
8094,1
3914,1
14310,1
18524,1
10434,1
1852,1
14277,1
2385,1
18580,1
4535,1
8161,1
9691,1
8410,1
1416,1
5717,1
17064,1
16865,1
16737,1
3946,1
12784,1
4696,1
201,1
18733,1
16101,1
8682,1
16125,1
8543,1
5369,1
9270,1
13848,1
19290,1
18863,1
9645,1
17560,1
10179,1
8735,1
19536,1
11056,1
18089,1
5902,1
14166,1
4806,1
14946,1
11652,1
3136,1
10349,1
17358,1
9355,1
6055,1
2802,1
134,1
10814,1
11749,1
3267,1
6632,1
5296,1
506,1
3844,1
12966,1
14032,1
837,1
19249,1
10069,1
17350,1
4380,1
6538,1
1390,1
5425,1
14478,1
10090,1
3561,1
12941,1
1270,1
11523,1
3294,1
5421,1
1360,1
14960,1
6654,1
6754,1
7535,1
2544,1
7353,1
8849,1
19223,1
14299,1
6707,1
9336,1
2061,1
4451,1
1070,1
9960,1
8136,1
18832,1
5197,1
11352,1
11033,1
10051,1
11793,1
6190,1
1295,1
4839,1
13828,1
18796,1
14128,1
3810,1
12660,1
19014,1
16223,1
2834,1
3128,1
18144,1
3158,1
11153,1
19827,1
5114,1
19671,1
490,1
2591,1
387,1
11471,1
4838,1
7268,1
12529,1
12124,1
10829,1
13423,1
13355,1
7935,1
19776,1
10888,1
3308,1
3057,1
17060,1
16175,1
19793,1
11846,1
4316,1
5529,1
5398,1
15664,1
6882,1
736,1
16800,1
332,1
16242,1
1539,1
15144,1
9428,1
1901,1
10032,1
14859,1
12626,1
10308,1
4286,1
6187,1
15546,1
18801,1
938,1
4403,1
5085,1
19583,1
1181,1
5252,1
6279,1
2573,1
2404,1
6560,1
10257,1
9602,1
11659,1
625,1
12024,1
17295,1
7290,1
15483,1
5988,1
15079,1
19881,1
7622,1
4235,1
16262,1
5853,1
455,1
5220,1
1225,1
14688,1
17185,1
4386,1
4774,1
10850,1
7205,1
370,1
14455,1
15457,1
11930,1
17562,1
6332,1
19036,1
13225,1
15919,1
3994,1
15298,1
2164,1
9506,1
10574,1
2590,1
5360,1
8767,1
4674,1
4473,1
4640,1
4885,1
4281,1
16531,1
391,1
1637,1
9203,1
14864,1
7459,1
859,1
16656,1
12396,1
12155,1
16003,1
19937,1
13405,1
4530,1
18173,1
10922,1
5056,1
9174,1
14460,1
18128,1
14449,1
18548,1
17807,1
15754,1
14533,1
17159,1
13872,1
5373,1
12963,1
1691,1
19752,1
11404,1
2552,1
13465,1
18544,1
14226,1
15566,1
12535,1
13190,1
4445,1
17342,1
9617,1
12542,1
12926,1
9089,1
10592,1
6394,1
9014,1
14492,1
11875,1
2836,1
8488,1
10778,1
13129,1
994,1
11839,1
9871,1
11934,1
3231,1
11034,1
11925,1
7450,1
4677,1
1428,1
18577,1
19278,1
6141,1
14440,1
6091,1
15744,1
7652,1
3345,1
13616,1
813,1
13978,1
12447,1
16476,1
3809,1
3565,1
19354,1
12010,1
18728,1
2217,1
18972,1
4668,1
292,1
13185,1
14021,1
14567,1
7231,1
4339,1
16485,1
8263,1
15828,1
5488,1
9676,1
19935,1
11499,1
5514,1
14693,1
8096,1
15672,1
10353,1
17394,1
4933,1
4685,1
18607,1
7,1
12344,1
2893,1
3899,1
3543,1
8363,1
9710,1
662,1
13765,1
5994,1
6619,1
17610,1
10419,1
8567,1
1921,1
9142,1
16248,1
16450,1
7638,1
16818,1
8400,1
19171,1
8110,1
18740,1
11900,1
19619,1
5962,1
19990,1
1953,1
19064,1
6967,1
11188,1
6951,1
8297,1
4173,1
16719,1
17547,1
18341,1
15085,1
17096,1
9532,1
2877,1
2937,1
8996,1
8067,1
8327,1
18650,1
11357,1
14349,1
5309,1
10891,1
1998,1
19836,1
5752,1
13183,1
9860,1
6154,1
15601,1
9546,1
4904,1
10555,1
15038,1
15257,1
7124,1
15336,1
1891,1
16653,1
4755,1
11193,1
15021,1
18460,1
19839,1
2575,1
15839,1
3737,1
18721,1
296,1
9098,1
18631,1
10463,1
1936,1
11219,1
11403,1
10791,1
5709,1
2862,1
2278,1
9937,1
9748,1
5895,1
2219,1
19980,1
7777,1
18318,1
866,1
19400,1
14680,1
13803,1
18588,1
4688,1
4778,1
324,1
5134,1
5291,1
2226,1
4005,1
3979,1
16424,1
10682,1
5894,1
741,1
1242,1
9305,1
4383,1
2232,1
14490,1
19193,1
5385,1
19513,1
5542,1
10326,1
15822,1
17867,1
4330,1
19126,1
2047,1
5931,1
6505,1
14755,1
15293,1
16771,1
19376,1
6458,1
7252,1
7863,1
12296,1
3780,1
7487,1
18798,1
8564,1
4088,1
9615,1
3783,1
12831,1
3842,1
14151,1
18893,1
11211,1
19558,1
14395,1
16968,1
10780,1
3315,1
4575,1
10697,1
11395,1
2752,1
5190,1
13908,1
15808,1
13259,1
5238,1
6104,1
3603,1
6369,1
3427,1
1520,1
12140,1
15367,1
13995,1
14380,1
5063,1
12336,1
3435,1
9914,1
1251,1
12609,1
2843,1
10853,1
9404,1
8672,1
14888,1
4222,1
14090,1
14031,1
9554,1
4801,1
8434,1
8602,1
3284,1
7600,1
8032,1
12284,1
10421,1
9815,1
5701,1
11018,1
310,1
4131,1
11768,1
6982,1
559,1
19630,1
6660,1
14176,1
8420,1
8516,1
9489,1
19026,1
8657,1
820,1
11173,1
832,1
3484,1
17977,1
18684,1
18435,1
10103,1
8987,1
18311,1
18678,1
442,1
11689,1
2078,1
13464,1
1524,1
1957,1
12146,1
12877,1
17758,1
11504,1
5844,1
2894,1
3249,1
19115,1
7021,1
15098,1
2462,1
16864,1
7502,1
8553,1
16556,1
14435,1
427,1
10841,1
16157,1
7025,1
4722,1
6158,1
15339,1
14848,1
18512,1
567,1
12353,1
10089,1
10424,1
18514,1
8396,1
9375,1
17005,1
17385,1
8304,1
2265,1
3286,1
12541,1
8877,1
7377,1
618,1
7889,1
12078,1
19095,1
12561,1
9446,1
14670,1
2071,1
13138,1
13553,1
10752,1
19920,1
10283,1
6320,1
4211,1
15382,1
12528,1
19580,1
17272,1
16232,1
9088,1
5033,1
12504,1
9019,1
16725,1
18027,1
8439,1
14304,1
7157,1
6224,1
18562,1
11626,1
4501,1
3848,1
6004,1
16846,1
18970,1
10298,1
17225,1
5078,1
8754,1
17794,1
19123,1
15565,1
10131,1
5307,1
13408,1
13948,1
19867,1
554,1
12370,1
2908,1
2675,1
4835,1
9405,1
10145,1
14624,1
10227,1
11711,1
13347,1
14462,1
8495,1
13479,1
11230,1
4829,1
3337,1
620,1
4788,1
12316,1
2795,1
19076,1
5792,1
15117,1
5337,1
13612,1
2798,1
8029,1
1941,1
13404,1
17588,1
10122,1
14966,1
2960,1
16668,1
12002,1
3268,1
4424,1
10560,1
10364,1
3563,1
17895,1
4429,1
19959,1
13503,1
6835,1
14645,1
8883,1
2011,1
5029,1
12263,1
1827,1
9219,1
10150,1
18519,1
12666,1
1141,1
12274,1
8693,1
19548,1
18323,1
6084,1
12054,1
10678,1
6000,1
7958,1
10065,1
16805,1
11159,1
19993,1
10264,1
11330,1
16375,1
10611,1
8942,1
1124,1
3191,1
11378,1
15275,1
7969,1
6587,1
18717,1
5871,1
4135,1
12775,1
13993,1
17874,1
2939,1
9018,1
5375,1
17001,1
14325,1
942,1
1481,1
15241,1
11539,1
2320,1
17326,1
3983,1
5569,1
17613,1
15478,1
18649,1
11317,1
1831,1
5061,1
7364,1
8493,1
565,1
3058,1
16598,1
15088,1
11564,1
7198,1
10229,1
8799,1
11314,1
18865,1
14677,1
13455,1
1201,1
8429,1
6612,1
706,1
2073,1
13937,1
19504,1
290,1
15563,1
106,1
15949,1
8606,1
12586,1
17729,1
13234,1
17964,1
10616,1
4971,1
9828,1
12083,1
10994,1
11129,1
2109,1
12201,1
19113,1
12516,1
1638,1
1148,1
7435,1
14238,1
5040,1
8725,1
7251,1
7293,1
15284,1
3283,1
7690,1
3664,1
5282,1
1530,1
1621,1
6821,1
749,1
11170,1
7319,1
14188,1
4679,1
8948,1
2459,1
16008,1
9841,1
7952,1
8435,1
1073,1
15033,1
1633,1
3891,1
8167,1
35,1
13698,1
875,1
15403,1
1945,1
19462,1
6238,1
10520,1
9445,1
4110,1
2356,1
1747,1
11477,1
8536,1
4314,1
10274,1
9409,1
10175,1
2483,1
17682,1
14844,1
15912,1
12728,1
11680,1
19340,1
16106,1
6,1
18975,1
18701,1
19451,1
3586,1
5607,1
14861,1
6353,1
10790,1
12267,1
6440,1
15605,1
16244,1
15372,1
17393,1
17605,1
17386,1
15751,1
10068,1
9216,1
2512,1
18111,1
18166,1
5865,1
10826,1
17010,1
18848,1
9778,1
4518,1
12924,1
19575,1
10700,1
6530,1
10545,1
6554,1
13274,1
9825,1
19146,1
2563,1
3289,1
18114,1
6370,1
19057,1
18296,1
4368,1
12700,1
5260,1
16213,1
9700,1
227,1
8175,1
9124,1
11708,1
16455,1
7100,1
17563,1
6790,1
6356,1
2976,1
2372,1
7361,1
7504,1
15768,1
11684,1
10429,1
10477,1
14902,1
2088,1
15649,1
2332,1
3394,1
3557,1
14735,1
8035,1
1092,1
2124,1
13862,1
8339,1
9372,1
12878,1
10307,1
16923,1
8220,1
8521,1
12935,1
11579,1
255,1
1967,1
13244,1
5506,1
6828,1
8210,1
16815,1
12138,1
3501,1
8287,1
3049,1
14019,1
9424,1
12832,1
7366,1
17882,1
4122,1
10526,1
17303,1
3278,1
2617,1
12886,1
3648,1
17214,1
7218,1
19260,1
18308,1
2285,1
5499,1
6349,1
3920,1
867,1
8692,1
8144,1
3991,1
13790,1
12499,1
10909,1
6510,1
16932,1
18990,1
8552,1
19323,1
19594,1
9359,1
287,1
5338,1
6536,1
4567,1
17427,1
9370,1
11446,1
3087,1
6354,1
16452,1
4730,1
17857,1
8211,1
1320,1
1699,1
17859,1
15130,1
1565,1
17797,1
9715,1
13731,1
9140,1
1105,1
8202,1
10292,1
870,1
9436,1
2000,1
18845,1
12706,1
16596,1
3094,1
19276,1
4884,1
13939,1
22,1
482,1
18339,1
13135,1
11021,1
5444,1
10961,1
2038,1
16816,1
7004,1
9265,1
14666,1
15442,1
5457,1
10996,1
8364,1
17798,1
771,1
2137,1
14908,1
4726,1
9290,1
18576,1
44,1
1808,1
2395,1
8087,1
7400,1
5503,1
11672,1
1054,1
17165,1
1433,1
17921,1
16117,1
13069,1
15226,1
13310,1
12224,1
15898,1
13801,1
1405,1
2123,1
18917,1
9521,1
13187,1
1150,1
6199,1
2311,1
15222,1
15770,1
14175,1
470,1
19501,1
13600,1
5890,1
17595,1
8550,1
11472,1
15930,1
205,1
8403,1
16855,1
8215,1
4325,1
17361,1
10670,1
3569,1
8178,1
10006,1
15486,1
12471,1
19477,1
10557,1
4182,1
11246,1
1662,1
12239,1
5679,1
11303,1
1792,1
10329,1
14425,1
17912,1
6100,1
793,1
2051,1
3600,1
2729,1
15081,1
19158,1
5034,1
13629,1
4860,1
4137,1
384,1
3821,1
18584,1
4868,1
15890,1
869,1
12641,1
16729,1
11863,1
14801,1
16046,1
15463,1
15746,1
4537,1
420,1
10568,1
12651,1
5119,1
2869,1
272,1
4510,1
8791,1
13377,1
19465,1
19695,1
14846,1
16269,1
11648,1
16712,1
17191,1
19434,1
5287,1
3344,1
1304,1
7629,1
19991,1
5244,1
18226,1
1362,1
8291,1
3951,1
12691,1
2518,1
9328,1
10054,1
11646,1
8243,1
11234,1
12340,1
711,1
9807,1
14722,1
12695,1
4599,1
19078,1
17243,1
8441,1
13337,1
5567,1
16692,1
8132,1
13926,1
3007,1
7296,1
6454,1
10015,1
9769,1
5042,1
16518,1
15190,1
11816,1
11570,1
11944,1
12948,1
9509,1
1281,1
1728,1
12637,1
13780,1
16414,1
8913,1
11936,1
19240,1
5694,1
15456,1
3216,1
4208,1
1480,1
16198,1
13054,1
1440,1
9347,1
9064,1
15776,1
18466,1
12785,1
15873,1
2275,1
18150,1
3695,1
10220,1
4172,1
5550,1
17644,1
7909,1
10673,1
15995,1
5990,1
15328,1
2151,1
17602,1
6986,1
13136,1
10735,1
19335,1
10171,1
7390,1
1183,1
339,1
6069,1
12371,1
2369,1
3862,1
3259,1
18795,1
14571,1
3072,1
3227,1
2605,1
13895,1
12203,1
12630,1
9266,1
4584,1
85,1
466,1
16939,1
17858,1
6066,1
15585,1
6995,1
10883,1
19215,1
12244,1
1698,1
19755,1
2780,1
12419,1
5846,1
13005,1
142,1
1685,1
2528,1
1955,1
14656,1
8685,1
16602,1
12329,1
433,1
15459,1
3021,1
13757,1
13777,1
14160,1
2647,1
10919,1
4390,1
19103,1
8529,1
16421,1
13794,1
5335,1
12702,1
2434,1
11067,1
17445,1
4602,1
911,1
231,1
2712,1
3449,1
14297,1
18000,1
7781,1
7964,1
16507,1
2273,1
3455,1
12141,1
13303,1
12636,1
1419,1
4124,1
19782,1
17468,1
10447,1
4719,1
7272,1
11947,1
7651,1
16490,1
3214,1
1714,1
13664,1
15876,1
18574,1
7244,1
5453,1
3472,1
8100,1
11441,1
17316,1
3519,1
12045,1
14044,1
11710,1
7597,1
12117,1
11722,1
17345,1
7714,1
17788,1
12494,1
10361,1
16896,1
15763,1
18348,1
13512,1
2866,1
3832,1
3675,1
15835,1
13609,1
14934,1
5473,1
19534,1
119,1
3003,1
13852,1
5903,1
11755,1
15703,1
3148,1
9974,1
19275,1
18172,1
7492,1
15126,1
19516,1
7918,1
2985,1
18846,1
14672,1
3814,1
2904,1
6098,1
17629,1
14255,1
17434,1
6407,1
19145,1
11459,1
17133,1
8176,1
7153,1
18769,1
18345,1
4438,1
1604,1
17655,1
1578,1
6245,1
6107,1
2510,1
8705,1
16222,1
9944,1
10521,1
9913,1
8838,1
8999,1
6952,1
2635,1
8353,1
8684,1
14024,1
9330,1
4079,1
19822,1
2943,1
6160,1
10861,1
12238,1
9788,1
12043,1
8941,1
14679,1
10053,1
612,1
11790,1
10943,1
16879,1
19025,1
18494,1
2507,1
14703,1
397,1
13,1
110,1
16767,1
18810,1
2349,1
10483,1
16299,1
14412,1
17017,1
7524,1
2996,1
3245,1
7580,1
5700,1
10602,1
3118,1
3475,1
18026,1
4102,1
14776,1
13260,1
10253,1
13694,1
6121,1
8937,1
15695,1
18287,1
9531,1
19378,1
2979,1
5748,1
4994,1
3669,1
213,1
19702,1
14396,1
11132,1
3403,1
13572,1
1925,1
18508,1
18464,1
2952,1
16456,1
19154,1
12469,1
7202,1
1217,1
12705,1
8037,1
18074,1
16404,1
4864,1
3069,1
5500,1
17936,1
12196,1
183,1
18280,1
15994,1
11293,1
3309,1
9053,1
792,1
17612,1
11632,1
3244,1
15671,1
16843,1
14937,1
10973,1
16335,1
6246,1
7829,1
1915,1
11196,1
6483,1
18103,1
6282,1
15702,1
1883,1
17348,1
8909,1
2543,1
9046,1
2364,1
8408,1
13638,1
16821,1
12764,1
32,1
4322,1
5618,1
11455,1
16766,1
13170,1
9350,1
4414,1
11703,1
6304,1
2674,1
1475,1
6036,1
14647,1
19180,1
5355,1
7573,1
15806,1
1892,1
7187,1
5237,1
17904,1
8413,1
12715,1
9626,1
7717,1
4282,1
8922,1
2578,1
13974,1
7476,1
6364,1
16997,1
1541,1
12290,1
19685,1
15597,1
11012,1
11023,1
11424,1
1338,1
18333,1
11019,1
6111,1
12282,1
12261,1
2814,1
2403,1
11799,1
8652,1
2745,1
9337,1
12879,1
18273,1
878,1
8301,1
1462,1
7362,1
14804,1
18101,1
11780,1
7210,1
9189,1
7928,1
3736,1
16534,1
17999,1
11804,1
11240,1
7150,1
1359,1
10426,1
5041,1
1177,1
10385,1
9571,1
2144,1
108,1
7442,1
1174,1
6207,1
941,1
10543,1
7787,1
14323,1
222,1
1758,1
15215,1
10153,1
5570,1
5543,1
9091,1
12358,1
14100,1
14597,1
7552,1
9431,1
28,1
15891,1
13921,1
2368,1
9612,1
7356,1
12350,1
13602,1
7168,1
4799,1
17968,1
13380,1
19219,1
14709,1
4891,1
5619,1
2921,1
8472,1
14321,1
19377,1
17981,1
12763,1
14063,1
2141,1
2987,1
7285,1
5658,1
19422,1
5071,1
2093,1
3496,1
18222,1
13029,1
4253,1
15914,1
3577,1
5699,1
5313,1
10788,1
3579,1
12105,1
10567,1
6770,1
9071,1
9221,1
15574,1
4625,1
15978,1
407,1
8129,1
1988,1
17751,1
6840,1
9006,1
17189,1
16868,1
17873,1
11679,1
11676,1
8919,1
10772,1
19633,1
4714,1
6161,1
7664,1
13107,1
17266,1
16813,1
4410,1
993,1
5761,1
5255,1
19012,1
18374,1
2858,1
412,1
1866,1
1084,1
18759,1
9650,1
17697,1
6823,1
16893,1
3908,1
4469,1
19129,1
16434,1
5947,1
8676,1
4660,1
18732,1
19209,1
5790,1
7670,1
18974,1
10722,1
6797,1
4633,1
10865,1
6480,1
19874,1
1897,1
4665,1
9475,1
966,1
1818,1
9133,1
10890,1
19043,1
18804,1
13081,1
14439,1
2641,1
10277,1
7355,1
15102,1
12440,1
3623,1
12332,1
16400,1
5195,1
10731,1
17043,1
3498,1
7328,1
12631,1
11315,1
13569,1
12867,1
19565,1
13980,1
8750,1
4344,1
6508,1
18989,1
6955,1
18143,1
12221,1
18502,1
15425,1
12400,1
135,1
16759,1
7609,1
11767,1
11734,1
13267,1
2238,1
1190,1
6565,1
15974,1
23,1
4166,1
1296,1
153,1
19268,1
1981,1
15187,1
12131,1
14247,1
14322,1
12384,1
8632,1
19780,1
10355,1
1989,1
6535,1
9220,1
7464,1
17806,1
17768,1
18453,1
18354,1
17391,1
6222,1
4193,1
8163,1
16070,1
6868,1
8598,1
4580,1
19773,1
7569,1
3415,1
15690,1
9689,1
4310,1
918,1
14416,1
7583,1
17051,1
17590,1
1204,1
17002,1
1160,1
8711,1
2266,1
3499,1
18939,1
6023,1
15521,1
5661,1
11288,1
18523,1
2052,1
636,1
14515,1
18840,1
1060,1
9319,1
5145,1
2874,1
15676,1
9643,1
8280,1
13151,1
13945,1
1504,1
9080,1
18857,1
14453,1
1810,1
18145,1
2377,1
13417,1
7401,1
5696,1
14602,1
7182,1
14991,1
19744,1
10773,1
5510,1
19856,1
1315,1
1488,1
11358,1
225,1
4405,1
19515,1
19890,1
14720,1
6544,1
4973,1
6528,1
13342,1
9763,1
19863,1
65,1
17310,1
16160,1
14788,1
6116,1
11305,1
17101,1
3629,1
6755,1
19749,1
18818,1
12686,1
15992,1
15778,1
3785,1
14382,1
18040,1
14199,1
14150,1
19124,1
15896,1
9151,1
1851,1
19746,1
7523,1
17368,1
1822,1
18278,1
7926,1
8004,1
2182,1
2050,1
16688,1
16519,1
7005,1
6191,1
6863,1
10879,1
11447,1
13772,1
18613,1
4643,1
9300,1
8011,1
19163,1
5511,1
7667,1
12899,1
1546,1
2098,1
11365,1
7227,1
1005,1
11787,1
3964,1
2131,1
8474,1
17927,1
15153,1
12624,1
19514,1
8198,1
5657,1
3631,1
6403,1
17810,1
16284,1
9882,1
697,1
1533,1
19628,1
7019,1
19349,1
19973,1
6653,1
19687,1
11035,1
211,1
6919,1
18629,1
10760,1
19392,1
13709,1
5632,1
16286,1
7768,1
9770,1
8391,1
761,1
3719,1
17657,1
16119,1
6313,1
16402,1
14025,1
11848,1
1623,1
9634,1
3439,1
15717,1
10371,1
5185,1
7350,1
14258,1
3971,1
11318,1
19939,1
1292,1
8538,1
19735,1
2664,1
16876,1
7370,1
84,1
17748,1
10792,1
12667,1
6562,1
13384,1
1260,1
11147,1
8920,1
19008,1
7977,1
10216,1
203,1
19549,1
9972,1
18429,1
4461,1
7080,1
17344,1
12770,1
2014,1
5036,1
7668,1
19756,1
13641,1
18094,1
16789,1
5856,1
4014,1
9542,1
5264,1
2539,1
13646,1
18622,1
12399,1
1893,1
11524,1
17631,1
10613,1
9109,1
6270,1
9313,1
8275,1
6261,1
4711,1
6135,1
5793,1
838,1
14064,1
7380,1
12280,1
5411,1
5459,1
19802,1
18504,1
18375,1
6670,1
12171,1
9434,1
11784,1
16029,1
2588,1
14393,1
14452,1
2521,1
10370,1
525,1
703,1
3774,1
4485,1
8691,1
13421,1
6801,1
3516,1
5913,1
2934,1
14990,1
12005,1
8983,1
4907,1
1785,1
10155,1
9515,1
6639,1
619,1
9435,1
8953,1
5728,1
5302,1
19305,1
16364,1
2196,1
15471,1
14554,1
556,1
4203,1
18286,1
6503,1
38,1
14287,1
4067,1
5424,1
4814,1
17851,1
10903,1
12368,1
11583,1
17708,1
4355,1
11893,1
14634,1
6348,1
2853,1
19570,1
16499,1
12470,1
12331,1
2012,1
15393,1
3208,1
5886,1
9315,1
6068,1
15006,1
8372,1
13410,1
10478,1
8227,1
8932,1
6556,1
1806,1
876,1
4141,1
1961,1
877,1
15728,1
1299,1
8764,1
17249,1
16131,1
1547,1
6709,1
6673,1
5714,1
13392,1
19148,1
2684,1
550,1
10287,1
14576,1
5155,1
776,1
11538,1
11202,1
6058,1
9233,1
12311,1
17620,1
4357,1
9463,1
2863,1
13219,1
5247,1
11508,1
10102,1
6122,1
9309,1
11809,1
2678,1
15118,1
1727,1
8760,1
14617,1
390,1
1377,1
13339,1
14616,1
6551,1
8416,1
3145,1
8708,1
3491,1
17038,1
11602,1
248,1
16862,1
13299,1
12634,1
199,1
18488,1
10244,1
10115,1
15857,1
12579,1
15031,1
10310,1
12321,1
4398,1
10817,1
10312,1
18841,1
11668,1
15983,1
7374,1
8066,1
14013,1
3000,1
3782,1
15633,1
14270,1
16331,1
8985,1
17187,1
17946,1
16736,1
19248,1
6985,1
19800,1
18749,1
4760,1
196,1
4784,1
12436,1
13385,1
18095,1
12372,1
9448,1
15985,1
3272,1
4360,1
7771,1
18096,1
856,1
18780,1
17625,1
4017,1
2741,1
12596,1
17817,1
17180,1
16341,1
307,1
13898,1
19224,1
16775,1
18355,1
7065,1
8577,1
3913,1
2336,1
12268,1
219,1
10139,1
17850,1
1409,1
900,1
10591,1
6680,1
7927,1
15897,1
6376,1
10638,1
12771,1
19096,1
575,1
9578,1
2794,1
10393,1
9670,1
3442,1
236,1
15709,1
10366,1
2430,1
15775,1
11316,1
16918,1
9638,1
14274,1
857,1
8002,1
12456,1
15270,1
12438,1
170,1
19385,1
1297,1
11831,1
9177,1
5322,1
5439,1
4084,1
6283,1
16995,1
15468,1
19262,1
17276,1
9576,1
742,1
764,1
11973,1
3137,1
11629,1
2682,1
11817,1
8481,1
14023,1
2711,1
5707,1
8732,1
4879,1
1809,1
15090,1
12103,1
11077,1
15030,1
19341,1
2227,1
10571,1
3373,1
19138,1
1755,1
15279,1
6267,1
15532,1
4771,1
14411,1
342,1
1012,1
12482,1
345,1
8634,1
1147,1
12736,1
12646,1
9467,1
9936,1
9725,1
7498,1
7303,1
17245,1
9288,1
5611,1
12250,1
9533,1
2577,1
967,1
15054,1
4167,1
6667,1
6908,1
115,1
4492,1
4593,1
4701,1
7102,1
5442,1
3694,1
9093,1
19449,1
19011,1
16593,1
16193,1
2999,1
5418,1
10485,1
5096,1
2122,1
6412,1
628,1
4646,1
10359,1
16124,1
19319,1
9063,1
13262,1
3661,1
2293,1
1610,1
17481,1
13341,1
1291,1
6491,1
18862,1
18331,1
6155,1
12090,1
14370,1
2797,1
10446,1
19741,1
16072,1
8233,1
8093,1
18368,1
13061,1
14057,1
17069,1
17336,1
6907,1
14272,1
10236,1
335,1
7039,1
19508,1
1114,1
654,1
6806,1
19921,1
4015,1
5906,1
7177,1
4151,1
13490,1
8720,1
11683,1
19691,1
12122,1
17395,1
2806,1
15624,1
15228,1
13102,1
8522,1
10418,1
3625,1
13317,1
1993,1
6974,1
16564,1
15036,1
5809,1
13037,1
4614,1
1949,1
4209,1
8382,1
15971,1
19697,1
3674,1
12591,1
7688,1
6893,1
9059,1
9295,1
16144,1
19133,1
19183,1
1507,1
5441,1
2039,1
18695,1
15741,1
5304,1
7626,1
217,1
5037,1
15409,1
11121,1
9379,1
13534,1
14814,1
1312,1
8085,1
12442,1
18011,1
18346,1
14705,1
4785,1
13968,1
13756,1
7243,1
18597,1
14282,1
18405,1
14660,1
12407,1
9956,1
17155,1
8134,1
1759,1
13320,1
6762,1
14067,1
12241,1
8668,1
10215,1
9255,1
12813,1
7692,1
5232,1
11527,1
8875,1
17507,1
18154,1
4600,1
2463,1
19112,1
1339,1
491,1
9280,1
8487,1
4834,1
13226,1
17221,1
18497,1
7077,1
13874,1
6337,1
17330,1
7678,1
15562,1
4184,1
1684,1
7160,1
5528,1
3874,1
4252,1
3791,1
929,1
1231,1
14983,1
6273,1
15244,1
10181,1
12330,1
18756,1
9118,1
4271,1
17044,1
16618,1
5231,1
18064,1
9616,1
642,1
3039,1
16914,1
15825,1
15252,1
15911,1
13068,1
18788,1
9782,1
16498,1
1163,1
11618,1
15323,1
8307,1
1373,1
13972,1
10193,1
6399,1
2644,1
4077,1
5312,1
11759,1
4413,1
15049,1
12484,1
19649,1
92,1
18195,1
19203,1
12613,1
7770,1
14604,1
460,1
18616,1
3075,1
4566,1
12102,1
15632,1
14912,1
7121,1
12793,1
18783,1
11015,1
1051,1
1937,1
13232,1
3639,1
19847,1
12004,1
2620,1
823,1
2621,1
15739,1
2436,1
14789,1
14157,1
11730,1
14777,1
11585,1
17484,1
6549,1
2785,1
13438,1
10547,1
18270,1
3525,1
1247,1
10766,1
5226,1
15892,1
5555,1
11069,1
10250,1
15535,1
18706,1
18024,1
10680,1
17305,1
14730,1
109,1
4050,1
5206,1
4803,1
13523,1
19569,1
4348,1
17290,1
17357,1
5810,1
15533,1
15674,1
5362,1
13156,1
4930,1
19762,1
16959,1
4003,1
91,1
4358,1
9105,1
10577,1
17883,1
2257,1
17893,1
1513,1
17400,1
2556,1
7606,1
4706,1
8572,1
18849,1
15302,1
7603,1
10284,1
16817,1
1004,1
330,1
11373,1
5409,1
19322,1
11605,1
3354,1
13607,1
5954,1
8138,1
4759,1
15861,1
10925,1
12051,1
11096,1
5794,1
11369,1
14855,1
19402,1
13321,1
2355,1
3312,1
2702,1
11923,1
14469,1
14447,1
18322,1
11233,1
10885,1
6646,1
2541,1
2302,1
11647,1
16633,1
17950,1
5645,1
16575,1
12062,1
17112,1
854,1
321,1
5004,1
11792,1
10709,1
8851,1
6890,1
3672,1
834,1
5519,1
5721,1
14215,1
3085,1
10294,1
7526,1
13677,1
16504,1
2416,1
19643,1
12161,1
18708,1
18496,1
7529,1
11397,1
19092,1
14212,1
11575,1
8681,1
19463,1
666,1
3609,1
11017,1
9728,1
5045,1
3841,1
15438,1
8769,1
7184,1
3177,1
6366,1
8659,1
288,1
14388,1
15559,1
4765,1
7832,1
15289,1
16191,1
16748,1
17528,1
2870,1
6126,1
202,1
18342,1
11327,1
5944,1
19329,1
10377,1
6059,1
9835,1
5917,1
19994,1
16080,1
4744,1
2150,1
613,1
5690,1
15998,1
9718,1
6474,1
16900,1
19405,1
2114,1
2581,1
9861,1
10855,1
17098,1
9380,1
7026,1
15029,1
16920,1
4106,1
17102,1
6150,1
3647,1
13912,1
12969,1
6173,1
14791,1
1300,1
16533,1
9207,1
220,1
15715,1
15297,1
11914,1
1276,1
15000,1
17068,1
14501,1
8988,1
17206,1
9157,1
9289,1
13073,1
9183,1
18730,1
16957,1
3471,1
239,1
1643,1
1869,1
16411,1
10213,1
1118,1
8234,1
8576,1
5461,1
5283,1
12262,1
8951,1
6291,1
10904,1
17652,1
4467,1
2211,1
13271,1
13773,1
1404,1
1253,1
871,1
9480,1
3830,1
1798,1
11818,1
19834,1
8079,1
18001,1
19546,1
3064,1
4732,1
8997,1
1421,1
14623,1
694,1
10676,1
17676,1
13492,1
6112,1
502,1
12513,1
16646,1
4982,1
11574,1
12933,1
6620,1
15162,1
19878,1
5558,1
5055,1
16960,1
1789,1
13292,1
5914,1
12119,1
11102,1
17661,1
319,1
1041,1
12180,1
18058,1
5399,1
8149,1
12798,1
3871,1
959,1
16512,1
17109,1
10272,1
15840,1
18806,1
13559,1
7778,1
6405,1
10546,1
12234,1
2713,1
597,1
7940,1
12559,1
11794,1
5480,1
15555,1
8586,1
14046,1
8075,1
11869,1
13558,1
8775,1
2370,1
5395,1
4502,1
12571,1
4449,1
18392,1
11204,1
7759,1
9479,1
874,1
13820,1
3922,1
13824,1
19975,1
10949,1
18945,1
6674,1
9032,1
6327,1
12697,1
18553,1
9251,1
9021,1
11239,1
5744,1
18826,1
9012,1
5985,1
15696,1
8027,1
19041,1
2447,1
14749,1
2223,1
11435,1
4712,1
13818,1
1826,1
11263,1
2464,1
12852,1
10741,1
8914,1
14519,1
7956,1
10849,1
828,1
14326,1
5240,1
11228,1
19824,1
8126,1
8047,1
9316,1
7214,1
3938,1
15034,1
10401,1
9111,1
11007,1
3764,1
6614,1
17888,1
19167,1
13172,1
17313,1
17086,1
2476,1
14904,1
19520,1
17542,1
1924,1
16149,1
16159,1
7174,1
15084,1
1976,1
6463,1
19228,1
16655,1
11681,1
1761,1
4365,1
4698,1
14372,1
4670,1
9497,1
19759,1
11169,1
9969,1
1025,1
16463,1
394,1
5818,1
19660,1
7899,1
13032,1
1123,1
11249,1
3987,1
17193,1
8931,1
2779,1
15300,1
14224,1
872,1
7898,1
8497,1
12756,1
14016,1
10569,1
19010,1
13314,1
1970,1
1436,1
4974,1
14401,1
10762,1
1968,1
2482,1
16011,1
6640,1
11004,1
3401,1
18369,1
4546,1
14418,1
3880,1
11828,1
16546,1
1732,1
17554,1
8530,1
5877,1
4792,1
1189,1
17338,1
4464,1
19922,1
13743,1
12600,1
16040,1
10635,1
5772,1
5669,1
14794,1
12733,1
8068,1
6717,1
13051,1
185,1
12537,1
3986,1
14352,1
16357,1
7772,1
1080,1
11919,1
8330,1
19738,1
6631,1
19299,1
8670,1
9890,1
17725,1
2230,1
15677,1
14124,1
11266,1
2932,1
18447,1
1644,1
6409,1
4289,1
6189,1
2366,1
13665,1
18239,1
49,1
15956,1
11482,1
11111,1
2680,1
728,1
6579,1
18275,1
4280,1
8797,1
11512,1
6589,1
11971,1
1710,1
16631,1
18163,1
12207,1
19930,1
15750,1
1352,1
1154,1
12247,1
573,1
19639,1
19063,1
12077,1
19094,1
9810,1
2245,1
5544,1
8589,1
12937,1
19218,1
14587,1
11029,1
8117,1
424,1
10028,1
14810,1
18670,1
17160,1
4921,1
12972,1
11559,1
19843,1
3558,1
6525,1
9632,1
7291,1
10612,1
5284,1
16582,1
5736,1
10192,1
17156,1
428,1
8026,1
5091,1
18785,1
12996,1
17213,1
14361,1
11513,1
8271,1
19932,1
14927,1
11975,1
13146,1
15551,1
4080,1
6774,1
2888,1
15149,1
5431,1
10944,1
8975,1
16225,1
8137,1
3339,1
6039,1
10579,1
19417,1
2080,1
18261,1
7839,1
14428,1
7671,1
2158,1
3697,1
8777,1
9260,1
6499,1
1771,1
16623,1
2958,1
1536,1
8414,1
19610,1
14599,1
10282,1
14858,1
5594,1
7968,1
14314,1
9698,1
6899,1
19033,1
15613,1
6235,1
2582,1
8392,1
14468,1
14591,1
13552,1
15214,1
4641,1
5508,1
18393,1
6433,1
16207,1
18674,1
2186,1
8842,1
7122,1
3414,1
18643,1
16880,1
6588,1
11216,1
17535,1
7155,1
3406,1
6714,1
16165,1
12796,1
4675,1
17347,1
13594,1
17125,1
12271,1
1117,1
17367,1
3943,1
15883,1
5911,1
3925,1
19021,1
18557,1
16541,1
13413,1
1368,1
13919,1
18936,1
19563,1
8010,1
13319,1
10668,1
10012,1
1096,1
2819,1
15499,1
2748,1
11615,1
12197,1
6032,1
825,1
1432,1
3972,1
14250,1
6034,1
7747,1
3261,1
6477,1
12883,1
3690,1
6157,1
6411,1
14429,1
5090,1
240,1
7385,1
11122,1
2769,1
6826,1
16187,1
4783,1
10729,1
19766,1
10046,1
10734,1
15630,1
6700,1
12279,1
9369,1
7105,1
15447,1
9400,1
3015,1
4906,1
17410,1
15055,1
17825,1
14286,1
3105,1
7540,1
16750,1
3610,1
18897,1
9694,1
3248,1
11852,1
4563,1
8900,1
9263,1
6363,1
11124,1
4779,1
8852,1
9680,1
13011,1
5754,1
17072,1
6604,1
4836,1
4648,1
3926,1
5229,1
15410,1
9481,1
17430,1
5531,1
13501,1
17454,1
13550,1
13049,1
4900,1
1858,1
14704,1
11519,1
1444,1
9311,1
14495,1
7381,1
5018,1
11046,1
18984,1
13587,1
8274,1
13094,1
6402,1
6856,1
10143,1
9081,1
12416,1
3310,1
11150,1
986,1
19198,1
8503,1
19895,1
6593,1
7508,1
17963,1
11849,1
3366,1
10874,1
10633,1
3355,1
13843,1
12999,1
13781,1
11999,1
2918,1
16439,1
6485,1
487,1
2104,1
18283,1
4883,1
17154,1
1350,1
17364,1
3854,1
19971,1
19842,1
19664,1
3869,1
16906,1
7494,1
17892,1
5623,1
4959,1
12418,1
18981,1
13474,1
3903,1
4846,1
17230,1
3068,1
13093,1
1933,1
659,1
8236,1
8864,1
11929,1
17161,1
1873,1
4207,1
2739,1
19350,1
1900,1
11791,1
16684,1
893,1
12393,1
19561,1
964,1
459,1
8792,1
16714,1
14217,1
6611,1
17302,1
2105,1
17162,1
11667,1
17513,1
17800,1
5104,1
9083,1
5692,1
4611,1
4960,1
19521,1
16549,1
18908,1
11227,1
2319,1
8006,1
15101,1
16983,1
9209,1
2768,1
7275,1
1966,1
17866,1
15791,1
13823,1
8697,1
12896,1
7699,1
3851,1
17097,1
16850,1
4576,1
6954,1
12884,1
19254,1
5166,1
6857,1
551,1
1960,1
17124,1
11544,1
15028,1
17398,1
15012,1
16604,1
8862,1
11881,1
1366,1
82,1
7533,1
11436,1
13251,1
9202,1
2580,1
8208,1
19535,1
8153,1
15056,1
12604,1
9675,1
17782,1
897,1
687,1
13023,1
16796,1
6730,1
12951,1
11174,1
15945,1
16491,1
4423,1
5116,1
1077,1
11872,1
15530,1
4170,1
18560,1
3357,1
5873,1
5958,1
17181,1
8563,1
11910,1
7693,1
806,1
2975,1
4111,1
11521,1
15374,1
15991,1
12337,1
10499,1
14719,1
3247,1
10194,1
987,1
8600,1
11577,1
12538,1
9256,1
11713,1
13668,1
15756,1
16964,1
1842,1
8412,1
12807,1
14017,1
1857,1
5462,1
18050,1
2901,1
11387,1
1676,1
18705,1
8805,1
5973,1
4733,1
11117,1
13682,1
13983,1
817,1
19862,1
16751,1
1455,1
13488,1
14182,1
18482,1
9433,1
8119,1
5463,1
12621,1
17183,1
19236,1
382,1
18319,1
8084,1
19831,1
11134,1
2209,1
10968,1
10518,1
16081,1
11050,1
12952,1
7617,1
9261,1
8984,1
18969,1
8546,1
5489,1
804,1
11655,1
11860,1
16441,1
1282,1
702,1
12025,1
18914,1
7942,1
3091,1
4919,1
9751,1
15498,1
11851,1
12164,1
6074,1
10972,1
10647,1
1407,1
19017,1
14843,1
5350,1
557,1
9374,1
10407,1
15180,1
6789,1
11483,1
9454,1
3539,1
16722,1
514,1
2811,1
9820,1
9940,1
6093,1
19636,1
15814,1
9588,1
10365,1
5592,1
3106,1
9949,1
4290,1
13560,1
8453,1
18658,1
17077,1
1928,1
8168,1
10439,1
5082,1
12587,1
11176,1
435,1
3374,1
5341,1
6183,1
6757,1
599,1
9007,1
8940,1
4913,1
19054,1
9252,1
3257,1
3489,1
316,1
9737,1
3400,1
569,1
18957,1
11762,1
5734,1
9883,1
14190,1
2113,1
4352,1
15121,1
19918,1
9440,1
11931,1
19835,1
12346,1
1178,1
317,1
5769,1
308,1
11076,1
19568,1
13886,1
7212,1
10860,1
8106,1
12676,1
13881,1
7432,1
533,1
15578,1
17046,1
12222,1
4145,1
17130,1
10897,1
3322,1
3933,1
16190,1
778,1
14787,1
2027,1
10512,1
15340,1
10980,1
5262,1
7107,1
6197,1
15443,1
13214,1
18330,1
5343,1
16473,1
5,1
5044,1
14891,1
16281,1
12822,1
6101,1
11614,1
10124,1
19231,1
17793,1
14775,1
5576,1
3518,1
4747,1
3365,1
12361,1
10007,1
6655,1
6269,1
19586,1
8715,1
7018,1
8744,1
5193,1
12944,1
9926,1
3370,1
17016,1
2984,1
3505,1
17707,1
19089,1
13878,1
5012,1
17029,1
17444,1
15527,1
12059,1
13182,1
14633,1
17489,1
13990,1
1618,1
9889,1
17767,1
17619,1
18457,1
6037,1
12545,1
4139,1
12543,1
483,1
3520,1
18211,1
14853,1
12325,1
14835,1
1986,1
10026,1
19184,1
9425,1
63,1
13680,1
15360,1
3018,1
5299,1
10813,1
6685,1
13193,1
13001,1
5115,1
19065,1
7207,1
5898,1
5498,1
14635,1
444,1
6136,1
155,1
15245,1
11375,1
7154,1
19003,1
19458,1
5126,1
5416,1
2851,1
7323,1
3745,1
10620,1
18301,1
6203,1
13018,1
18736,1
19346,1
10976,1
15312,1
3456,1
4224,1
8342,1
6609,1
17148,1
7491,1
6547,1
15159,1
8918,1
1381,1
13123,1
18100,1
10564,1
5002,1
9418,1
5773,1
15230,1
15627,1
385,1
7037,1
15016,1
9635,1
16465,1
19909,1
12115,1
19296,1
7932,1
5094,1
7479,1
18748,1
13787,1
2465,1
377,1
17525,1
800,1
1537,1
369,1
12502,1
19810,1
15721,1
3144,1
1718,1
2307,1
4810,1
9760,1
10300,1
724,1
16497,1
3930,1
11677,1
10235,1
3189,1
16828,1
93,1
18546,1
15355,1
3957,1
18065,1
19255,1
15170,1
7419,1
5393,1
685,1
3438,1
8906,1
3323,1
1289,1
8421,1
6735,1
4871,1
6215,1
8468,1
8917,1
3858,1
8367,1
12668,1
8766,1
561,1
3361,1
11715,1
1430,1
2072,1
18030,1
18896,1
4178,1
13012,1
9352,1
5878,1
13628,1
2676,1
9180,1
12100,1
13586,1
6487,1
11411,1
2743,1
5637,1
14116,1
6375,1
14837,1
3931,1
18266,1
12028,1
7013,1
7766,1
5910,1
7020,1
16952,1
9499,1
3660,1
10548,1
9660,1
4797,1
10413,1
1301,1
6252,1
9351,1
2574,1
2085,1
11643,1
1597,1
5469,1
19894,1
12960,1
6558,1
3815,1
12349,1
12030,1
14895,1
8065,1
1252,1
6060,1
12737,1
11968,1
14900,1
4516,1
17637,1
2560,1
717,1
11478,1
18082,1
10787,1
953,1
18653,1
17526,1
12135,1
3911,1
5476,1
16905,1
19981,1
16122,1
5112,1
6798,1
6181,1
17369,1
15895,1
16889,1
6389,1
15727,1
9051,1
8616,1
8540,1
15938,1
2498,1
8221,1
16362,1
1675,1
17240,1
9363,1
9923,1
7497,1
10239,1
12081,1
2704,1
14436,1
14384,1
16687,1
13927,1
19045,1
7149,1
8072,1
17340,1
10963,1
13740,1
12500,1
3419,1
4065,1
15015,1
3325,1
11843,1
19189,1
19726,1
17624,1
5760,1
14687,1
2248,1
1374,1
7837,1
4364,1
5930,1
2130,1
19814,1
9117,1
1730,1
16890,1
12068,1
9283,1
11695,1
18676,1
8438,1
17089,1
15810,1
12424,1
1956,1
2112,1
19108,1
10170,1
5281,1
17271,1
16015,1
8395,1
18710,1
553,1
5941,1
14655,1
1519,1
1424,1
8272,1
8535,1
18807,1
12093,1
8763,1
11366,1
1824,1
3133,1
5987,1
15091,1
1489,1
2069,1
11726,1
924,1
13578,1
14847,1
15019,1
14539,1
14223,1
19304,1
17717,1
3582,1
8605,1
880,1
15924,1
10595,1
7064,1
12490,1
12230,1
2871,1
5118,1
5595,1
11475,1
9076,1
11001,1
14606,1
16088,1
12848,1
12259,1
11341,1
6892,1
8830,1
9242,1
6517,1
11118,1
13426,1
234,1
18842,1
8809,1
13538,1
12466,1
17924,1
6881,1
17519,1
15175,1
18066,1
5768,1
14432,1
17739,1
14204,1
9115,1
951,1
14920,1
11183,1
16510,1
18134,1
5265,1
11665,1
917,1
13333,1
7947,1
17203,1
4204,1
12341,1
1038,1
7489,1
4300,1
17742,1
10029,1
18872,1
9472,1
1331,1
10515,1
306,1
18882,1
11802,1
6916,1
9880,1
6864,1
19923,1
8831,1
8555,1
14362,1
7289,1
7847,1
15045,1
13304,1
19760,1
17771,1
1607,1
8547,1
5276,1
858,1
9805,1
2593,1
9137,1
18876,1
4024,1
17373,1
6211,1
8057,1
14906,1
4126,1
13513,1
10129,1
4227,1
8033,1
8623,1
14158,1
14457,1
2397,1
14972,1
16382,1
10296,1
8742,1
7083,1
77,1
9191,1
6086,1
12620,1
6192,1
10876,1
12664,1
763,1
2167,1
6869,1
2973,1
1499,1
8316,1
14098,1
10437,1
13351,1
4426,1
15540,1
16961,1
18774,1
1647,1
1770,1
13623,1
2415,1
10929,1
18930,1
15933,1
2005,1
14608,1
16410,1
17992,1
6089,1
6682,1
8338,1
15399,1
13744,1
18021,1
19688,1
6559,1
1703,1
6672,1
4523,1
9414,1
10801,1
4912,1
7632,1
19399,1
9622,1
13204,1
11277,1
18037,1
10263,1
3564,1
10644,1
2515,1
5073,1
4029,1
8431,1
4219,1
13453,1
12627,1
14643,1
6237,1
3032,1
5680,1
13106,1
5800,1
15027,1
249,1
17238,1
4970,1
18337,1
8112,1
18652,1
4915,1
1510,1
15587,1
4427,1
17229,1
9677,1
14364,1
6174,1
286,1
3006,1
4272,1
4468,1
177,1
11419,1
7549,1
9090,1
8854,1
16226,1
13212,1
7855,1
401,1
8283,1
1749,1
17548,1
11774,1
13633,1
17683,1
13707,1
17486,1
12714,1
17778,1
6077,1
4171,1
6139,1
14499,1
8146,1
8285,1
6202,1
9357,1
2143,1
9761,1
19257,1
11569,1
2706,1
12519,1
14838,1
16986,1
4474,1
14328,1
6873,1
18281,1
7955,1
2600,1
12788,1
1954,1
13842,1
980,1
1913,1
14426,1
18843,1
15878,1
13750,1
18528,1
7663,1
2931,1
5440,1
4331,1
7238,1
4954,1
8501,1
14547,1
16548,1
9429,1
10552,1
7127,1
19896,1
9365,1
17226,1
3081,1
8406,1
10212,1
6113,1
3016,1
5975,1
4565,1
17389,1
16257,1
7463,1
2946,1
354,1
1327,1
12673,1
5789,1
2442,1
2422,1
1958,1
50,1
648,1
7201,1
10536,1
336,1
17702,1
5682,1
4019,1
11760,1
14780,1
14183,1
17641,1
11157,1
8268,1
6669,1
4754,1
13022,1
2554,1
18777,1
3982,1
4165,1
10864,1
18871,1
4382,1
15147,1
3602,1
3038,1
4664,1
998,1
4369,1
1477,1
19742,1
3704,1
3929,1
11368,1
1023,1
1035,1
17147,1
8989,1
11572,1
7049,1
14081,1
790,1
6740,1
12167,1
8452,1
1884,1
11491,1
9564,1
13057,1
7338,1
9596,1
17586,1
19352,1
5246,1
6584,1
7274,1
3180,1
14916,1
18762,1
6029,1
8077,1
1756,1
17678,1
3568,1
19588,1
17555,1
19221,1
16482,1
5815,1
10134,1
6518,1
5705,1
17530,1
4841,1
4406,1
3223,1
325,1
9834,1
12983,1
5950,1
9406,1
2875,1
2418,1
18216,1
18590,1
14058,1
56,1
19072,1
13475,1
15484,1
6294,1
17378,1
13906,1
4543,1
16099,1
5889,1
19104,1
11145,1
358,1
4909,1
3645,1
12295,1
2308,1
107,1
3042,1
13482,1
5904,1
11567,1
5722,1
14982,1
6805,1
12629,1
7943,1
12716,1
7991,1
9503,1
7414,1
14961,1
3787,1
17544,1
9657,1
9518,1
10200,1
10262,1
4216,1
8848,1
9408,1
7437,1
13396,1
3086,1
18923,1
15981,1
11516,1
3050,1
13459,1
19445,1
8498,1
2653,1
3078,1
3655,1
4694,1
13302,1
7388,1
18474,1
8355,1
3573,1
4195,1
5191,1
2790,1
1959,1
2204,1
19539,1
15011,1
16886,1
3270,1
16963,1
6343,1
6371,1
10528,1
14877,1
16216,1
6859,1
3228,1
17131,1
3552,1
10093,1
17020,1
8370,1
7572,1
10482,1
3390,1
16229,1
17864,1
10064,1
545,1
14225,1
10753,1
4691,1
1853,1
16768,1
12276,1
6715,1
9984,1
6617,1
3071,1
12388,1
14512,1
14263,1
16824,1
18853,1
11985,1
3691,1
2838,1
5601,1
13636,1
18084,1
12741,1
4549,1
6534,1
11165,1
15608,1
7483,1
436,1
4036,1
8656,1
9384,1
2673,1
15654,1
19877,1
11272,1
18910,1
14717,1
2021,1
19303,1
4179,1
1628,1
5918,1
3013,1
8637,1
1246,1
19659,1
13822,1
8747,1
16298,1
11640,1
8639,1
8688,1
11042,1
10073,1
2774,1
18018,1
8765,1
574,1
4601,1
13349,1
17000,1
14464,1
12612,1
13403,1
15900,1
15758,1
16842,1
17604,1
2730,1
3161,1
6945,1
95,1
16938,1
12914,1
10144,1
12930,1
17412,1
12281,1
6607,1
363,1
7539,1
15475,1
12576,1
15050,1
14354,1
19062,1
13643,1
5670,1
18741,1
13827,1
2856,1
5321,1
8770,1
11091,1
11066,1
11232,1
6839,1
3160,1
2362,1
5828,1
882,1
4069,1
2948,1
9706,1
3587,1
8091,1
6968,1
1380,1
8733,1
10779,1
16651,1
18344,1
13742,1
6127,1
3448,1
16988,1
17801,1
4101,1
15064,1
19460,1
12144,1
11888,1
7501,1
610,1
12647,1
8969,1
5599,1
2519,1
1094,1
60,1
10204,1
11867,1
12761,1
15422,1
14560,1
16624,1
8994,1
9601,1
18515,1
18667,1
10988,1
976,1
8162,1
10901,1
14733,1
13059,1
15644,1
3474,1
1326,1
17467,1
8834,1
6020,1
18254,1
12585,1
13306,1
12618,1
11324,1
19353,1
13143,1
19888,1
18830,1
26,1
4041,1
3755,1
7134,1
7465,1
14661,1
5655,1
18742,1
5757,1
2631,1
18567,1
1049,1
16769,1
13334,1
541,1
3014,1
12709,1
19282,1
13511,1
11328,1
16253,1
10754,1
17390,1
2060,1
11055,1
18837,1
19675,1
7868,1
3271,1
9398,1
4499,1
14269,1
5218,1
12460,1
4326,1
5014,1
17460,1
6105,1
11982,1
406,1
10372,1
17633,1
840,1
1269,1
17700,1
4773,1
3500,1
6494,1
5804,1
7687,1
10728,1
762,1
8551,1
10324,1
19693,1
6938,1
15203,1
2410,1
7517,1
8979,1
8025,1
9040,1
11553,1
14601,1
3512,1
5870,1
588,1
7310,1
13036,1
4409,1
13591,1
8729,1
1595,1
3753,1
4175,1
16913,1
5496,1
8879,1
4597,1
15931,1
8562,1
11262,1
767,1
3879,1
18821,1
1786,1
19650,1
6779,1
11909,1
3331,1
16799,1
16329,1
4070,1
4607,1
3612,1
17630,1
15299,1
4237,1
10442,1
13901,1
1898,1
3004,1
18719,1
13391,1
14718,1
9050,1
2919,1
8981,1
6596,1
11203,1
6479,1
5474,1
535,1
10148,1
8976,1
16951,1
19622,1
13253,1
4471,1
10182,1
2545,1
14557,1
2788,1
8801,1
17175,1
5659,1
2262,1
5643,1
14379,1
3532,1
4681,1
6054,1
8300,1
16566,1
6424,1
11313,1
18663,1
7062,1
19009,1
8053,1
19441,1
17153,1
14762,1
4517,1
18246,1
9942,1
1740,1
4837,1
8361,1
15150,1
14790,1
6844,1
5493,1
11639,1
3741,1
9625,1
1649,1
16150,1
4822,1
3581,1
6643,1
3230,1
19992,1
4071,1
11123,1
10313,1
17322,1
16788,1
17706,1
4952,1
16966,1
11871,1
2890,1
16603,1
11658,1
3974,1
17996,1
1314,1
9401,1
7336,1
14651,1
18155,1
12461,1
7245,1
5377,1
12699,1
11350,1
3097,1
15461,1
16250,1
11048,1
7287,1
15451,1
7461,1
3665,1
8322,1
2378,1
14200,1
11215,1
19479,1
12127,1
16972,1
7822,1
18367,1
19287,1
9976,1
12662,1
11800,1
16267,1
7984,1
10812,1
1313,1
2941,1
595,1
14300,1
13988,1
19030,1
10831,1
1033,1
14476,1
18985,1
11728,1
11989,1
7193,1
10664,1
2697,1
19522,1
1052,1
5507,1
16919,1
18381,1
15594,1
187,1
4938,1
4880,1
15757,1
9679,1
16278,1
14011,1
18315,1
6338,1
2444,1
13055,1
18960,1
11353,1
7449,1
14308,1
11889,1
1566,1
15997,1
9727,1
9421,1
4819,1
4001,1
13416,1
15115,1
11991,1
10100,1
19177,1
10573,1
5697,1
17497,1
12895,1
1264,1
6690,1
710,1
11398,1
1239,1
18637,1
1333,1
19917,1
3383,1
17433,1
425,1
13429,1
9490,1
4432,1
12601,1
19114,1
2998,1
18403,1
17718,1
9190,1
12817,1
3760,1
17311,1
16501,1
192,1
10039,1
3617,1
11399,1
12669,1
14890,1
14761,1
1336,1
1153,1
17983,1
4928,1
530,1
8240,1
6256,1
12070,1
15156,1
6469,1
8143,1
19629,1
9110,1
4442,1
10759,1
13727,1
8959,1
7775,1
10487,1
10406,1
15408,1
7002,1
6737,1
11656,1
7818,1
3632,1
1034,1
6444,1
13047,1
16112,1
1518,1
11450,1
16276,1
9345,1
9947,1
4329,1
15663,1
12000,1
13119,1
14154,1
12053,1
932,1
18033,1
13112,1
5617,1
2940,1
372,1
118,1
1736,1
17587,1
14410,1
2299,1
9322,1
15684,1
19826,1
2087,1
6377,1
7194,1
10475,1
13732,1
7299,1
6482,1
9924,1
10848,1
758,1
1868,1
8295,1
15643,1
16885,1
9745,1
10415,1
13724,1
3187,1
9560,1
4220,1
6490,1
14970,1
12347,1
8103,1
17396,1
7471,1
14400,1
19528,1
3881,1
1927,1
13966,1
13445,1
3806,1
4232,1
13508,1
15014,1
6917,1
9814,1
3634,1
12264,1
18067,1
8101,1
102,1
3264,1
7012,1
14342,1
14997,1
2090,1
17179,1
17360,1
7736,1
17309,1
19530,1
17041,1
8882,1
10747,1
14004,1
13276,1
5256,1
1935,1
7138,1
18965,1
14869,1
12917,1
14700,1
2861,1
1307,1
5539,1
10374,1
12979,1
18376,1
8264,1
3996,1
66,1
3836,1
18772,1
14271,1
9741,1
18454,1
12783,1
503,1
5869,1
18898,1
12156,1
13865,1
15652,1
2694,1
7409,1
15157,1
10553,1
9399,1
6227,1
14945,1
3544,1
9876,1
15959,1
13548,1
13506,1
15174,1
13792,1
8719,1
2656,1
13052,1
8209,1
14040,1
15560,1
16605,1
17673,1
3201,1
8207,1
2201,1
19967,1
19510,1
10630,1
2623,1
1511,1
18883,1
12186,1
18612,1
18915,1
14723,1
448,1
2835,1
6775,1
16199,1
2687,1
16167,1
13279,1
16716,1
9783,1
674,1
8866,1
913,1
13620,1
11700,1
209,1
3901,1
15815,1
5891,1
15598,1
19845,1
10917,1
1321,1
9343,1
17324,1
1545,1
784,1
2203,1
12468,1
17479,1
13352,1
17940,1
5729,1
7742,1
13838,1
8846,1
2813,1
12152,1
11594,1
12084,1
16786,1
5755,1
14558,1
11000,1
10243,1
9967,1
2270,1
617,1
16927,1
13386,1
7994,1
3111,1
16790,1
10388,1
3495,1
17034,1
13686,1
1894,1
15950,1
12824,1
8470,1
12163,1
16055,1
18977,1
8655,1
19437,1
1429,1
6378,1
2183,1
17601,1
7931,1
8904,1
16036,1
17269,1
3713,1
18932,1
851,1
13733,1
803,1
10918,1
1896,1
14665,1
4416,1
8088,1
17451,1
10132,1
19645,1
13249,1
16306,1
7776,1
17749,1
3728,1
2367,1
12233,1
8571,1
4457,1
4845,1
13072,1
268,1
15326,1
1995,1
15430,1
16254,1
15225,1
18252,1
7849,1
11084,1
12554,1
16201,1
12611,1
8620,1
1657,1
14194,1
11130,1
14621,1
2643,1
4873,1
14942,1
8076,1
2537,1
8040,1
663,1
19618,1
3192,1
3017,1
1159,1
12928,1
2550,1
3399,1
2207,1
1277,1
15357,1
18042,1
1840,1
887,1
13528,1
4046,1
3291,1
16215,1
7537,1
14760,1
11669,1
6885,1
7485,1
15378,1
11921,1
19907,1
1788,1
7843,1
9286,1
12841,1
7404,1
11945,1
99,1
9666,1
197,1
18704,1
10733,1
9009,1
7233,1
2608,1
12548,1
4993,1
3593,1
632,1
7081,1
15458,1
18268,1
5946,1
5615,1
3846,1
2001,1
520,1
8958,1
783,1
12428,1
1567,1
18197,1
18727,1
9039,1
19898,1
6776,1
10751,1
13947,1
9793,1
15635,1
10698,1
6866,1
10149,1
17539,1
11675,1
3867,1
10721,1
11083,1
2803,1
1158,1
12746,1
14140,1
18258,1
1731,1
17493,1
16291,1
2659,1
18249,1
14170,1
16594,1
17627,1
16635,1
9213,1
18210,1
16797,1
4766,1
8973,1
3641,1
6811,1
6398,1
566,1
19600,1
8,1
2827,1
14899,1
19467,1
12833,1
11059,1
7833,1
12415,1
1508,1
16114,1
11251,1
1470,1
17922,1
5290,1
14127,1
11005,1
961,1
9123,1
14875,1
2523,1
7312,1
12210,1
4287,1
2110,1
7106,1
14887,1
6926,1
11104,1
12376,1
15066,1
9342,1
17574,1
12557,1
19788,1
12038,1
17472,1
481,1
16849,1
18109,1
4901,1
3526,1
5742,1
6987,1
6383,1
4748,1
5181,1
2077,1
12858,1
5122,1
17651,1
11310,1
9112,1
4564,1
18764,1
13700,1
10863,1
19626,1
4782,1
15800,1
19722,1
19964,1
735,1
11841,1
15656,1
19372,1
6896,1
3212,1
10245,1
2646,1
15195,1
14347,1
2503,1
14579,1
313,1
10172,1
19995,1
10628,1
10895,1
7439,1
19035,1
4377,1
6764,1
4412,1
17438,1
1963,1
7595,1
1482,1
12288,1
7423,1
4108,1
10258,1
16478,1
13981,1
19571,1
973,1
10776,1
12095,1
19265,1
946,1
9862,1
5064,1
4299,1
17494,1
19968,1
2809,1
9592,1
2947,1
15048,1
705,1
19523,1
13985,1
16745,1
12846,1
15573,1
17527,1
18802,1
15525,1
7433,1
17450,1
5490,1
9729,1
14172,1
18833,1
16802,1
3792,1
14434,1
10344,1
8405,1
19356,1
11099,1
13588,1
13799,1
19205,1
13776,1
7030,1
13175,1
9360,1
8440,1
9644,1
18778,1
13808,1
18850,1
8678,1
5339,1
15154,1
9135,1
3292,1
19554,1
17242,1
10133,1
18596,1
8840,1
3360,1
5367,1
10583,1
16724,1
4925,1
12076,1
12403,1
5458,1
1613,1
3822,1
11343,1
6904,1
17938,1
12780,1
8095,1
5919,1
9921,1
18289,1
5111,1
12134,1
19599,1
13715,1
11342,1
14506,1
3773,1
836,1
6043,1
15396,1
2751,1
14039,1
167,1
2624,1
16381,1
10184,1
18503,1
6131,1
12610,1
18205,1
797,1
17320,1
19768,1
16758,1
4188,1
18980,1
16270,1
10603,1
14088,1
5837,1
8861,1
19900,1
12257,1
9548,1
17663,1
1006,1
14928,1
4487,1
16089,1
1406,1
7088,1
14283,1
2660,1
8155,1
19256,1
7189,1
9036,1
12915,1
4443,1
18715,1
9929,1
13893,1
6600,1
8401,1
19498,1
9877,1
6038,1
581,1
5000,1
16062,1
7045,1
19263,1
2645,1
1830,1
13805,1
18687,1
3589,1
11837,1
9970,1
15212,1
16022,1
4758,1
4295,1
7040,1
18056,1
7779,1
11329,1
15411,1
7640,1
19795,1
11599,1
10387,1
18734,1
9520,1
10550,1
3531,1
1358,1
7841,1
13833,1
8170,1
15331,1
14559,1
8290,1
479,1
18136,1
19901,1
15807,1
57,1
1091,1
19201,1
2787,1
15292,1
18703,1
2200,1
13173,1
14975,1
12298,1
7815,1
18191,1
4752,1
2740,1
13770,1
6772,1
19004,1
1414,1
8499,1
7842,1
3857,1
8378,1
11088,1
13758,1
11565,1
3465,1
14169,1
8259,1
17152,1
14964,1
2807,1
6247,1
6249,1
970,1
13520,1
9746,1
4013,1
19681,1
18501,1
10040,1
16486,1
2857,1
16405,1
10871,1
18602,1
1655,1
17920,1
15113,1
7936,1
12060,1
4738,1
4177,1
10455,1
3407,1
2063,1
12178,1
2990,1
14076,1
17970,1
536,1
16590,1
7806,1
0,1
11838,1
13255,1
11745,1
15939,1
16780,1
15564,1
17503,1
847,1
5933,1
10804,1
2603,1
3796,1
10140,1
17387,1
5306,1
4181,1
4490,1
6502,1
6838,1
796,1
9667,1
405,1
15449,1
18938,1
6824,1
14069,1
15043,1
13687,1
4642,1
2106,1
11025,1
19446,1
15705,1
5997,1
3877,1
11899,1
18204,1
16937,1
19913,1
5005,1
5867,1
6880,1
4963,1
9444,1
13755,1
17234,1
16064,1
17899,1
18671,1
8701,1
5157,1
9194,1
5860,1
7278,1
8158,1
253,1
5378,1
12993,1
13040,1
17520,1
8523,1
15951,1
16904,1
10211,1
14216,1
10230,1
1325,1
191,1
1057,1
9005,1
14556,1
19551,1
4306,1
10107,1
17259,1
8463,1
18202,1
4511,1
3203,1
1890,1
10405,1
4060,1
16545,1
17176,1
4107,1
15907,1
18828,1
3953,1
223,1
7624,1
9557,1
5702,1
15965,1
15580,1
10450,1
7878,1
12774,1
19677,1
13484,1
14715,1
16054,1
4645,1
5051,1
16572,1
4594,1
11144,1
2618,1
13817,1
4658,1
5836,1
14976,1
9084,1
15281,1
19436,1
19958,1
4116,1
18808,1
15158,1
128,1
12882,1
7422,1
17754,1
3873,1
1729,1
10017,1
2222,1
527,1
9225,1
3624,1
3517,1
8505,1
18015,1
13099,1
12642,1
16565,1
16484,1
1860,1
16931,1
421,1
15647,1
17027,1
9594,1
13775,1
13599,1
1074,1
13505,1
10210,1
4399,1
17088,1
14365,1
13942,1
2549,1
15402,1
13169,1
200,1
15678,1
2243,1
4311,1
4425,1
10402,1
15755,1
1848,1
8894,1
17251,1
10351,1
17439,1
10285,1
1256,1
5113,1
16347,1
5235,1
6732,1
17688,1
4805,1
13951,1
16308,1
17966,1
6500,1
4045,1
256,1
9138,1
17930,1
2658,1
4809,1
14534,1
8819,1
7659,1
15850,1
368,1
1425,1
19428,1
7490,1
8820,1
8369,1
2132,1
14737,1
19127,1
13829,1
17285,1
13282,1
6948,1
9282,1
4550,1
18400,1
2722,1
5633,1
7985,1
13152,1
5087,1
16765,1
9581,1
17589,1
6741,1
18766,1
13856,1
17178,1
11462,1
15041,1
7917,1
17734,1
13515,1
12696,1
14288,1
18768,1
3950,1
8871,1
11408,1
3616,1
9747,1
6915,1
4888,1
638,1
9339,1
8024,1
14074,1
4582,1
13277,1
10085,1
12,1
8326,1
6240,1
8253,1
19408,1
17138,1
5603,1
2526,1
2394,1
13725,1
2913,1
11562,1
10060,1
2305,1
15087,1
12389,1
1391,1
13711,1
13194,1
15957,1
6901,1
3513,1
2606,1
18547,1
10510,1
17998,1
396,1
11547,1
19168,1
13565,1
1156,1
8628,1
13873,1
3132,1
18642,1
3405,1
11896,1
16142,1
4610,1
17307,1
14566,1
10784,1
3141,1
801,1
12639,1
7234,1
1071,1
18666,1
2347,1
10325,1
8063,1
11269,1
9738,1
11650,1
5253,1
4939,1
1910,1
11526,1
10320,1
5481,1
18739,1
18696,1
18396,1
19100,1
14578,1
14438,1
14824,1
19271,1
16976,1
1899,1
9226,1
16981,1
14873,1
5711,1
15161,1
10435,1
10525,1
12795,1
19330,1
3298,1
16231,1
129,1
2235,1
12723,1
4043,1
1149,1
17411,1
17372,1
10476,1
6359,1
13358,1
5504,1
16640,1
13090,1
14650,1
7922,1
11537,1
14742,1
15496,1
15500,1
3613,1
6085,1
11242,1
10916,1
12929,1
6691,1
1555,1
16184,1
9299,1
3461,1
14517,1
9692,1
19251,1
16680,1
1512,1
4579,1
8005,1
4559,1
16132,1
12862,1
13977,1
10493,1
15622,1
11214,1
7686,1
16877,1
11983,1
5434,1
757,1
15735,1
5129,1
627,1
3195,1
15901,1
5467,1
2391,1
10971,1
11981,1
12479,1
14941,1
5982,1
9671,1
7939,1
19374,1
7042,1
7003,1
7316,1
11704,1
1505,1
15002,1
18295,1
1863,1
10844,1
74,1
18174,1
19316,1
6065,1
19300,1
12990,1
4266,1
6722,1
10217,1
13444,1
16336,1
9951,1
5435,1
16973,1
13915,1
13933,1
3393,1
15268,1
16129,1
11908,1
15877,1
2517,1
2878,1
5897,1
15235,1
13398,1
16218,1
4949,1
3705,1
5483,1
689,1
14992,1
7322,1
12512,1
16173,1
8201,1
3826,1
12597,1
8343,1
18371,1
4230,1
12805,1
12791,1
2564,1
17721,1
12750,1
3916,1
8544,1
13891,1
10506,1
17205,1
9685,1
3152,1
16247,1
10952,1
19059,1
12338,1
852,1
10176,1
13604,1
8050,1
13949,1
4923,1
6912,1
8781,1
6889,1
4349,1
13050,1
15439,1
14880,1
4269,1
16532,1
12029,1
10240,1
13890,1
9197,1
7591,1
9389,1
4710,1
12413,1
15233,1
3847,1
15501,1
15557,1
5066,1
9938,1
5410,1
15185,1
14144,1
7930,1
16271,1
4283,1
9681,1
17014,1
15849,1
16999,1
7129,1
19426,1
8580,1
13044,1
18729,1
17073,1
3807,1
14290,1
17686,1
9465,1
18410,1
16592,1
9390,1
18183,1
4798,1
14433,1
17024,1
17552,1
16807,1
12457,1
19406,1
14802,1
12958,1
7999,1
6865,1
447,1
1078,1
15617,1
16874,1
10663,1
1903,1
7509,1
14185,1
5974,1
18185,1
282,1
5614,1
19199,1
12327,1
8527,1
8500,1
18834,1
9536,1
9990,1
8473,1
15880,1
17775,1
8225,1
3556,1
19048,1
7259,1
13830,1
3828,1
12740,1
4920,1
12835,1
12173,1
11894,1
3497,1
4431,1
1175,1
17600,1
17061,1
11195,1
8083,1
362,1
8249,1
17235,1
15753,1
17267,1
14771,1
10819,1
731,1
1619,1
5039,1
1126,1
9175,1
15005,1
13825,1
923,1
1705,1
9258,1
19947,1
16251,1
5083,1
10789,1
3709,1
4370,1
8746,1
1128,1
13910,1
14106,1
11304,1
16967,1
2954,1
10188,1
11757,1
6781,1
8683,1
11671,1
5363,1
14968,1
6900,1
13367,1
8815,1
5098,1
2776,1
7666,1
13476,1
13153,1
15855,1
14210,1
9376,1
17145,1
5408,1
15669,1
11596,1
14394,1
12786,1
13608,1
3376,1
8145,1
1885,1
2899,1
9577,1
12473,1
12942,1
17026,1
11425,1
13472,1
8753,1
3186,1
4828,1
15771,1
11336,1
5216,1
4553,1
18867,1
3450,1
16466,1
7773,1
7598,1
3699,1
218,1
17139,1
16563,1
1599,1
4484,1
8451,1
18194,1
1235,1
9210,1
11461,1
10847,1
13460,1
11287,1
17890,1
6028,1
13179,1
15400,1
1466,1
2963,1
2496,1
9918,1
2390,1
10743,1
19721,1
7162,1
5534,1
17463,1
12521,1
10894,1
1575,1
10655,1
1950,1
7024,1
15704,1
14909,1
12635,1
5635,1
5150,1
2982,1
1939,1
359,1
8173,1
1569,1
10551,1
18909,1
9842,1
9239,1
14487,1
17769,1
883,1
3347,1
17071,1
12562,1
11593,1
6874,1
15129,1
10202,1
17352,1
14207,1
10468,1
2744,1
13230,1
4191,1
9232,1
10862,1
5671,1
11109,1
17300,1
1398,1
16238,1
19448,1
11016,1
10523,1
8528,1
2957,1
16742,1
17388,1
15906,1
17241,1
9126,1
1790,1
9931,1
7949,1
11698,1
2938,1
5156,1
11932,1
10713,1
16814,1
13284,1
17551,1
3423,1
7910,1
4288,1
4434,1
19049,1
7996,1
1739,1
14929,1
7962,1
19457,1
14522,1
3578,1
3831,1
3011,1
1197,1
13533,1
13738,1
13483,1
16076,1
14978,1
10977,1
12303,1
19277,1
10138,1
4808,1
1529,1
10648,1
11724,1
8718,1
13042,1
19699,1
7101,1
294,1
14866,1
7067,1
692,1
6958,1
8449,1
16901,1
8172,1
19061,1
9169,1
19616,1
17608,1
2965,1
988,1
11049,1
15803,1
8246,1
11592,1
6520,1
13691,1
2272,1
4190,1
7420,1
9366,1
4894,1
18471,1
9530,1
552,1
19191,1
15979,1
8836,1
16082,1
17282,1
15197,1
15122,1
7890,1
17865,1
11163,1
4097,1
6423,1
7728,1
4319,1
9114,1
17413,1
18098,1
3099,1
11485,1
19778,1
2820,1
13962,1
13704,1
13407,1
15765,1
11890,1
8325,1
18217,1
16104,1
9587,1
16337,1
5959,1
12486,1
1601,1
12297,1
12789,1
18395,1
15361,1
12256,1
2672,1
18763,1
15863,1
5221,1
2717,1
16888,1
3443,1
1310,1
3732,1
9955,1
18407,1
1820,1
6567,1
18996,1
14101,1
15151,1
12187,1
11396,1
12277,1
15282,1
14744,1
8962,1
1132,1
13097,1
7185,1
1186,1
6573,1
3666,1
8816,1
5822,1
18420,1
591,1
11962,1
5388,1
18443,1
17219,1
3330,1
16878,1
4347,1
16743,1
2298,1
5326,1
5024,1
1113,1
8130,1
19414,1
18669,1
11103,1
16010,1
6372,1
14957,1
3088,1
19638,1
4396,1
9085,1
11490,1
9348,1
10893,1
14544,1
18520,1
3077,1
12032,1
7700,1
18415,1
13206,1
10832,1
8507,1
587,1
13071,1
11741,1
1457,1
9742,1
14458,1
8428,1
16836,1
8835,1
19119,1
11977,1
14231,1
15053,1
3117,1
2677,1
17894,1
14477,1
2393,1
14094,1
19692,1
12175,1
15668,1
15421,1
7295,1
12782,1
14728,1
11205,1
14530,1
15595,1
10453,1
11697,1
5386,1
12751,1
5723,1
146,1
18949,1
2007,1
5132,1
9945,1
17692,1
2793,1
11810,1
13235,1
17785,1
13397,1
14694,1
14162,1
11445,1
15452,1
518,1
10618,1
12487,1
13372,1
13888,1
8387,1
5726,1
11611,1
12603,1
10622,1
6923,1
18124,1
17314,1
9930,1
6002,1
1401,1
1437,1
15074,1
2989,1
75,1
11820,1
4934,1
15782,1
12395,1
8928,1
17576,1
4371,1
6414,1
19234,1
17399,1
16804,1
2981,1
7530,1
4294,1
9973,1
649,1
16503,1
2452,1
13095,1
4604,1
10315,1
14649,1
16763,1
11011,1
2742,1
14097,1
2524,1
4740,1
3963,1
7562,1
19084,1
17961,1
6999,1
7280,1
990,1
15145,1
510,1
7166,1
8891,1
8867,1
5916,1
18991,1
5179,1
11492,1
16206,1
14607,1
14381,1
4793,1
14930,1
18262,1
12235,1
10654,1
3733,1
18516,1
2438,1
14797,1
11952,1
10604,1
4117,1
15143,1
11729,1
1804,1
6807,1
13807,1
79,1
17522,1
15112,1
13963,1
10870,1
9492,1
17863,1
8578,1
14246,1
12861,1
2202,1
4395,1
594,1
18263,1
14430,1
1047,1
4136,1
19359,1
17323,1
6910,1
18288,1
11181,1
8373,1
4581,1
19252,1
18495,1
5329,1
10802,1
15659,1
2771,1
11417,1
2773,1
6322,1
6705,1
11413,1
6027,1
18418,1
7246,1
1674,1
8051,1
12044,1
4620,1
16279,1
19781,1
827,1
12682,1
6847,1
1782,1
8703,1
484,1
9043,1
4514,1
18232,1
8534,1
16367,1
4318,1
15227,1
15259,1
5834,1
18127,1
17318,1
3689,1
4639,1
5616,1
17087,1
8971,1
15332,1
8464,1
8599,1
15388,1
534,1
14989,1
8205,1
11589,1
19060,1
3989,1
11966,1
6321,1
8456,1
2917,1
9259,1
12046,1
14062,1
13213,1
15008,1
18573,1
5358,1
14734,1
16891,1
13033,1
6003,1
5258,1
14867,1
6809,1
2359,1
2070,1
18028,1
13502,1
7826,1
623,1
5219,1
14143,1
5049,1
6075,1
2460,1
16580,1
3906,1
1089,1
2681,1
1548,1
17402,1
6210,1
2731,1
9767,1
12558,1
13223,1
17941,1
19519,1
639,1
15790,1
10907,1
159,1
7655,1
13741,1
8884,1
1165,1
10708,1
5593,1
10623,1
3209,1
1198,1
3978,1
6410,1
19038,1
1626,1
18487,1
12821,1
11642,1
1365,1
15301,1
6053,1
1383,1
6330,1
7260,1
13826,1
5556,1
16060,1
244,1
16829,1
12922,1
10246,1
3687,1
5120,1
6729,1
7008,1
232,1
8811,1
5568,1
6992,1
18646,1
2732,1
17211,1
8480,1
11528,1
13083,1
10398,1
13580,1
11623,1
1622,1
16143,1
14467,1
17877,1
15969,1
1010,1
9332,1
8419,1
4163,1
18491,1
6095,1
17713,1
12489,1
11549,1
19181,1
2800,1
14786,1
17423,1
5348,1
19674,1
13485,1
8447,1
6895,1
608,1
15837,1
17192,1
755,1
81,1
18048,1
13205,1
13573,1
8019,1
3305,1
12289,1
8887,1
13697,1
15189,1
13710,1
7860,1
15023,1
2663,1
9331,1
16275,1
8003,1
555,1
1615,1
10251,1
2571,1
17,1
16921,1
104,1
18659,1
6351,1
9474,1
7767,1
6570,1
10649,1
8157,1
12231,1
14130,1
5845,1
19015,1
13619,1
19394,1
4030,1
4363,1
933,1
8513,1
10497,1
6725,1
16700,1
14627,1
3804,1
1161,1
6546,1
10219,1
2301,1
18118,1
4447,1
5259,1
2625,1
5851,1
3917,1
17473,1
15488,1
14849,1
389,1
19068,1
19784,1
8226,1
15510,1
1506,1
17111,1
1562,1
1302,1
19651,1
12066,1
7467,1
4881,1
17585,1
18935,1
4737,1
12283,1
3396,1
9833,1
6082,1
13063,1
9986,1
15381,1
19832,1
14779,1
7511,1
112,1
18284,1
16447,1
8486,1
11666,1
9935,1
7877,1
7011,1
2887,1
16016,1
1772,1
3481,1
19533,1
10036,1
19023,1
18530,1
957,1
16420,1
12823,1
18668,1
881,1
5518,1
19387,1
2120,1
15799,1
15094,1
2650,1
11236,1
17119,1
6746,1
3207,1
920,1
2399,1
4161,1
2666,1
1443,1
5971,1
18365,1
3536,1
7440,1
13110,1
13356,1
8575,1
5003,1
1686,1
589,1
12825,1
4707,1
13210,1
5824,1
1090,1
10198,1
12215,1
8244,1
5879,1
12169,1
3397,1
15780,1
3188,1
15781,1
14637,1
18835,1
4781,1
17418,1
18070,1
5972,1
1328,1
19511,1
2481,1
17078,1
10035,1
19963,1
10590,1
17829,1
7240,1
17110,1
6934,1
10748,1
15543,1
4941,1
16035,1
3670,1
13695,1
19805,1
2065,1
17284,1
15517,1
18394,1
3023,1
1120,1
16345,1
14739,1
14913,1
15020,1
2079,1
2822,1
921,1
9873,1
10582,1
16710,1
7429,1
16039,1
15476,1
14120,1
12472,1
16179,1
4859,1
5492,1
2028,1
8916,1
16111,1
13672,1
5182,1
10186,1
5912,1
10062,1
12481,1
14386,1
12423,1
6148,1
4180,1
4094,1
4926,1
12474,1
7819,1
7593,1
12493,1
8375,1
9874,1
15295,1
10163,1
15922,1
11179,1
2400,1
9902,1
18397,1
7302,1
2419,1
12674,1
15251,1
3860,1
14353,1
12857,1
17840,1
1427,1
19355,1
1856,1
19343,1
11779,1
3735,1
18032,1
16617,1
10683,1
14333,1
16666,1
15923,1
18014,1
6426,1
9017,1
4528,1
5330,1
13880,1
11299,1
18509,1
8277,1
2762,1
17306,1
8782,1
14936,1
18610,1
3372,1
15685,1
6802,1
10125,1
16943,1
4119,1
12055,1
7383,1
15603,1
14193,1
16561,1
816,1
90,1
14827,1
45,1
5791,1
18632,1
6268,1
5077,1
3380,1
2095,1
5825,1
4796,1
2445,1
14059,1
18446,1
2828,1
15479,1
130,1
8265,1
11953,1
1977,1
8224,1
1227,1
6063,1
15648,1
586,1
10529,1
5372,1
15682,1
2558,1
5415,1
4762,1
6186,1
12191,1
6496,1
19734,1
3611,1
7438,1
542,1
949,1
9430,1
14020,1
14860,1
11351,1
15932,1
6796,1
5261,1
18856,1
6017,1
1600,1
10532,1
6493,1
14167,1
8881,1
10223,1
4354,1
2330,1
18306,1
3882,1
7725,1
12688,1
4770,1
6972,1
16916,1
17819,1
2398,1
5288,1
12851,1
15591,1
15474,1
15198,1
18244,1
5823,1
6137,1
6142,1
9607,1
11496,1
6443,1
18121,1
18959,1
11740,1
15082,1
14107,1
14521,1
7885,1
6872,1
18020,1
11155,1
14029,1
15192,1
14082,1
8250,1
12431,1
15052,1
10158,1
562,1
16321,1
1305,1
8347,1
5387,1
12082,1
13969,1
8423,1
1224,1
9903,1
9217,1
10043,1
6531,1
5749,1
3119,1
17093,1
14007,1
6843,1
17275,1
15223,1
19859,1
15024,1
6527,1
8618,1
3235,1
13269,1
5698,1
9426,1
12411,1
9241,1
9655,1
1103,1
11746,1
10350,1
11457,1
8073,1
8045,1
301,1
17151,1
17223,1
11175,1
1130,1
8241,1
6626,1
3592,1
1661,1
1522,1
8171,1
18956,1
10275,1
15001,1
3368,1
2585,1
10161,1
873,1
7215,1
2881,1
13202,1
3751,1
11948,1
14235,1
2670,1
9998,1
10857,1
1557,1
17048,1
8239,1
4407,1
1228,1
10044,1
2373,1
10965,1
9073,1
12593,1
16318,1
18171,1
1715,1
11803,1
5245,1
15927,1
8267,1
5686,1
10330,1
4526,1
2271,1
9160,1
15365,1
12434,1
5798,1
11718,1
15347,1
7225,1
17055,1
13387,1
3932,1
958,1
13285,1
1589,1
1540,1
4976,1
9583,1
18874,1
10615,1
18901,1
15909,1
5647,1
11503,1
16221,1
16936,1
9296,1
7649,1
11264,1
2030,1
4493,1
4659,1
8537,1
19864,1
863,1
2770,1
11882,1
17599,1
1122,1
13326,1
956,1
17973,1
438,1
9048,1
6537,1
6420,1
1777,1
221,1
1167,1
5131,1
297,1
15114,1
13992,1
17057,1
16189,1
2627,1
9047,1
16470,1
1608,1
14527,1
8696,1
12768,1
13997,1
13281,1
18297,1
16203,1
7473,1
2321,1
7191,1
13031,1
4076,1
7443,1
478,1
1947,1
5765,1
3313,1
7136,1
16760,1
1972,1
7616,1
4038,1
9579,1
14284,1
2017,1
12638,1
12544,1
9108,1
17516,1
19473,1
16442,1
15078,1
5747,1
10508,1
5384,1
19149,1
13496,1
8349,1
15249,1
12523,1
283,1
17376,1
11184,1
9852,1
14180,1
2116,1
12160,1
4996,1
13176,1
9750,1
9264,1
13025,1
9321,1
8818,1
13924,1
14592,1
10795,1
1131,1
2346,1
1704,1
18962,1
4262,1
4130,1
6047,1
8560,1
8305,1
7175,1
8712,1
9765,1
9648,1
6013,1
4075,1
4480,1
15986,1
13198,1
8454,1
18379,1
175,1
5067,1
13091,1
2896,1
2450,1
2252,1
2041,1
11870,1
5215,1
3019,1
16282,1
13452,1
7694,1
10055,1
19929,1
10020,1
9971,1
12205,1
14894,1
4683,1
18240,1
15545,1
1635,1
10345,1
3692,1
16669,1
5739,1
8308,1
9176,1
14514,1
15450,1
14518,1
5176,1
11479,1
18565,1
1371,1
351,1
7827,1
16522,1
13209,1
1393,1
5198,1
17598,1
16831,1
10761,1
12312,1
18952,1
11143,1
12109,1
17382,1
2411,1
5585,1
2241,1
13145,1
15169,1
5019,1
7396,1
2951,1
5470,1
18363,1
19172,1
19634,1
7313,1
8055,1
3725,1
18961,1
3262,1
18791,1
4007,1
12378,1
5604,1
1984,1
5248,1
14994,1
19085,1
9524,1
8230,1
13796,1
2074,1
17811,1
12412,1
15184,1
7635,1
17117,1
19694,1
734,1
11916,1
5921,1
16643,1
8952,1
11092,1
13650,1
11501,1
1797,1
3711,1
18129,1
14131,1
15229,1
19222,1
5816,1
6450,1
822,1
11208,1
9772,1
604,1
11206,1
10652,1
12015,1
2850,1
6388,1
14196,1
4545,1
3100,1
5730,1
12804,1
13167,1
13362,1
18290,1
15908,1
6194,1
11573,1
13746,1
6720,1
18248,1
10289,1
605,1
16007,1
19230,1
9011,1
18130,1
15681,1
8520,1
1221,1
19419,1
15645,1
1042,1
15718,1
7921,1
1987,1
15620,1
1978,1
13531,1
10121,1
12843,1
17934,1
5664,1
7462,1
10080,1
17584,1
7623,1
2897,1
4852,1
629,1
5887,1
12075,1
7675,1
13903,1
5771,1
18234,1
18789,1
10781,1
2868,1
2016,1
3604,1
16741,1
14061,1
17011,1
18691,1
4622,1
9527,1
2619,1
8771,1
7111,1
14481,1
12355,1
1473,1
15329,1
4649,1
13857,1
8893,1
2100,1
4057,1
1543,1
2181,1
1814,1
6739,1
18053,1
6909,1
6957,1
18731,1
12417,1
12918,1
1990,1
1029,1
5289,1
2010,1
16435,1
16028,1
14893,1
11319,1
4422,1
1191,1
18948,1
19435,1
19233,1
6040,1
2910,1
8955,1
7596,1
2145,1
10717,1
16708,1
10048,1
273,1
1847,1
16787,1
15124,1
300,1
12923,1
18013,1
14840,1
6576,1
17628,1
2018,1
9526,1
17693,1
9965,1
17380,1
19797,1
12819,1
16024,1
4522,1
274,1
11903,1
15506,1
4112,1
8165,1
2128,1
10180,1
4479,1
7146,1
19306,1
4140,1
12168,1
8390,1
16529,1
4315,1
18997,1
12584,1
3790,1
8974,1
13637,1
4185,1
6120,1
8677,1
1584,1
8402,1
12729,1
5892,1
13589,1
922,1
12976,1
8585,1
600,1
11637,1
14985,1
17573,1
14115,1
3290,1
6475,1
6603,1
4127,1
4504,1
19632,1
350,1
5242,1
4276,1
17053,1
18675,1
17244,1
10854,1
10041,1
714,1
15903,1
18836,1
10106,1
10912,1
4148,1
7575,1
17397,1
10157,1
8446,1
2056,1
11965,1
15888,1
19122,1
8588,1
15371,1
15733,1
12333,1
10851,1
14149,1
16068,1
18639,1
7266,1
3576,1
19680,1
8320,1
2331,1
4156,1
16265,1
18779,1
3749,1
12208,1
9271,1
13297,1
10978,1
17639,1
408,1
18781,1
19606,1
18343,1
11167,1
6228,1
6716,1
10428,1
3761,1
15164,1
12092,1
16263,1
10575,1
11507,1
14171,1
4035,1
17796,1
7167,1
10454,1
15688,1
8231,1
6651,1
8319,1
14981,1
18864,1
13690,1
17654,1
11394,1
12008,1
15887,1
2316,1
17401,1
10503,1
5625,1
4104,1
19801,1
16135,1
10514,1
6008,1
3251,1
15567,1
4152,1
419,1
7159,1
10660,1
1179,1
7697,1
17015,1
2360,1
15641,1
8213,1
11226,1
18303,1
18958,1
5857,1
6575,1
18237,1
16126,1
12074,1
3928,1
16798,1
4234,1
3618,1
1859,1
14367,1
4302,1
9941,1
10414,1
2264,1
5646,1
17926,1
1521,1
7612,1
2102,1
10295,1
17007,1
7856,1
18176,1
10939,1
7270,1
9695,1
1140,1
1907,1
19050,1
6921,1
15767,1
13301,1
16419,1
19194,1
6927,1
12151,1
16935,1
15322,1
14586,1
16611,1
9754,1
6711,1
6920,1
19247,1
6341,1
18953,1
4089,1
12690,1
16819,1
10033,1
11604,1
19147,1
9631,1
9468,1
3897,1
14402,1
5201,1
14610,1
2665,1
2690,1
18604,1
906,1
2977,1
19646,1
9513,1
9387,1
19666,1
7033,1
18693,1
19081,1
582,1
899,1
5882,1
6615,1
13539,1
423,1
16113,1
12721,1
19337,1
14211,1
12932,1
17808,1
1030,1
16481,1
8755,1
14014,1
246,1
8502,1
4258,1
14658,1
10716,1
10490,1
4544,1
14385,1
7342,1
18554,1
1258,1
18775,1
4703,1
12720,1
8196,1
14071,1
4950,1
15142,1
10502,1
11961,1
17353,1
8541,1
19109,1
13060,1
9979,1
9556,1
664,1
14933,1
16293,1
14037,1
3176,1
7913,1
11271,1
3391,1
9572,1
9912,1
1459,1
15317,1
2487,1
9879,1
11045,1
3351,1
2210,1
3706,1
18654,1
12726,1
3521,1
5177,1
14628,1
7345,1
6966,1
14513,1
2525,1
13884,1
4605,1
5222,1
9323,1
11994,1
19139,1
11498,1
8908,1
7367,1
1220,1
16063,1
1259,1
6350,1
14573,1
7739,1
2907,1
2490,1
18776,1
7554,1
6005,1
3808,1
17421,1
2456,1
2206,1
7217,1
348,1
17847,1
15059,1
6842,1
5149,1
17374,1
16933,1
3637,1
13540,1
13674,1
14642,1
5356,1
8360,1
11546,1
7170,1
6138,1
12098,1
6898,1
1687,1
18752,1
13561,1
15385,1
16297,1
19883,1
12973,1
17777,1
8723,1
8071,1
13764,1
13894,1
4992,1
4586,1
12681,1
9253,1
18968,1
5417,1
16020,1
8631,1
5273,1
5753,1
6026,1
13131,1
6437,1
616,1
1652,1
1011,1
17868,1
9417,1
17645,1
15454,1
19211,1
5527,1
14696,1
17315,1
18817,1
2786,1
15967,1
19982,1
16702,1
3834,1
2812,1
12380,1
15584,1
6486,1
7648,1
14662,1
862,1
12853,1
15980,1
3793,1
4856,1
14842,1
15208,1
4421,1
8054,1
12448,1
14012,1
15576,1
17028,1
254,1
17283,1
11783,1
8009,1
1828,1
13592,1
8483,1
8261,1
7547,1
4246,1
17006,1
2736,1
3010,1
16431,1
7608,1
1574,1
4297,1
2429,1
7743,1
10926,1
2437,1
17852,1
7405,1
15423,1
9982,1
3342,1
1206,1
17012,1
5640,1
9410,1
1720,1
12128,1
17254,1
6728,1
12889,1
4245,1
18569,1
18138,1
13989,1
5893,1
2353,1
3036,1
8462,1
16154,1
9683,1
12073,1
13009,1
8837,1
635,1
13791,1
12671,1
3570,1
16882,1
7172,1
3671,1
16645,1
5937,1
17158,1
3222,1
18889,1
13329,1
19155,1
5180,1
14698,1
6803,1
3473,1
16056,1
12301,1
15867,1
1911,1
19284,1
15760,1
16373,1
18034,1
3888,1
15108,1
5169,1
10570,1
10718,1
1654,1
8097,1
3353,1
19612,1
9195,1
12938,1
2611,1
11300,1
11290,1
11706,1
3731,1
4595,1
1208,1
18334,1
17499,1
4113,1
9756,1
5124,1
14563,1
15256,1
12865,1
6635,1
10412,1
6257,1
13887,1
4040,1
4491,1
10589,1
17848,1
1902,1
7135,1
15401,1
1460,1
2598,1
70,1
9346,1
16584,1
2304,1
3279,1
11218,1
9907,1
16052,1
753,1
4651,1
5257,1
3300,1
12511,1
12894,1
7550,1
6819,1
16663,1
12291,1
15434,1
18601,1
19142,1
18552,1
5401,1
18241,1
18627,1
19819,1
7200,1
14523,1
19143,1
6782,1
11451,1
1454,1
1501,1
7309,1
15661,1
14145,1
6153,1
13046,1
8780,1
9528,1
15852,1
10681,1
8665,1
11431,1
7386,1
18093,1
12287,1
4497,1
357,1
19543,1
5340,1
691,1
8778,1
13811,1
1125,1
16871,1
12777,1
5001,1
2255,1
19018,1
13327,1
6827,1
19997,1
15274,1
12061,1
8640,1
507,1
19274,1
15524,1
8786,1
11223,1
13547,1
13181,1
468,1
12386,1
19481,1
3329,1
12837,1
17746,1
18895,1
7823,1
7929,1
4437,1
19684,1
9959,1
15370,1
18309,1
10049,1
13466,1
7874,1
4538,1
13784,1
13331,1
5486,1
9568,1
14445,1
13754,1
8424,1
12211,1
12985,1
17672,1
15280,1
13735,1
7223,1
6652,1
10838,1
9845,1
299,1
6792,1
12898,1
16945,1
9171,1
7786,1
15467,1
9310,1
18106,1
6930,1
12711,1
13412,1
13298,1
10003,1
3765,1
19088,1
14312,1
17841,1
15550,1
19897,1
278,1
17878,1
13541,1
5294,1
537,1
15234,1
15854,1
8174,1
6678,1
8621,1
10408,1
18356,1
12704,1
7458,1
7873,1
6456,1
7488,1
12967,1
1250,1
8839,1
6124,1
12971,1
16394,1
8442,1
2303,1
7722,1
4847,1
6484,1
6061,1
19348,1
4153,1
8212,1
10441,1
17766,1
13010,1
8646,1
15171,1
18638,1
2864,1
11763,1
10420,1
19657,1
17802,1
9368,1
11736,1
8471,1
17035,1
19614,1
5589,1
1196,1
16535,1
13918,1
2432,1
17928,1
7181,1
15955,1
18539,1
3813,1
17668,1
3437,1
11473,1
13291,1
6134,1
2081,1
10556,1
12091,1
10593,1
3644,1
10958,1
13283,1
2025,1
6726,1
3167,1
18651,1
11751,1
8248,1
13960,1
15316,1
18811,1
14187,1
19396,1
7305,1
10858,1
3367,1
5161,1
6071,1
3358,1
9705,1
6946,1
16587,1
9888,1
14676,1
14134,1
9113,1
1293,1
5241,1
7466,1
10008,1
10798,1
2161,1
9932,1
9488,1
19965,1
9712,1
3065,1
3509,1
18221,1
8381,1
12829,1
13350,1
10517,1
18092,1
19151,1
3506,1
19097,1
842,1
14376,1
8012,1
9167,1
6415,1
17084,1
10886,1
18012,1
4176,1
19176,1
13661,1
11990,1
171,1
16057,1
13651,1
12273,1
8328,1
10598,1
13368,1
3921,1
13526,1
16310,1
4713,1
9055,1
18452,1
12266,1
6513,1
392,1
16346,1
16423,1
19307,1
8743,1
6591,1
7555,1
8641,1
8344,1
13066,1
18193,1
9759,1
14072,1
8901,1
15193,1
11480,1
4494,1
11535,1
5075,1
8318,1
13127,1
14126,1
17871,1
17536,1
6318,1
8217,1
9777,1
9909,1
13652,1
11918,1
14066,1
2557,1
2506,1
18481,1
98,1
364,1
3720,1
15100,1
12445,1
4194,1
15862,1
12189,1
5868,1
5102,1
13168,1
781,1
2048,1
9716,1
1583,1
16351,1
9129,1
13215,1
3856,1
6848,1
5043,1
12663,1
11660,1
18160,1
13419,1
8783,1
16391,1
16002,1
580,1
15785,1
1146,1
5622,1
18713,1
9230,1
12496,1
1441,1
13257,1
9899,1
18971,1
8709,1
7683,1
916,1
15882,1
1889,1
2661,1
5015,1
4989,1
6616,1
19816,1
19789,1
8034,1
1930,1
17583,1
2542,1
2096,1
15846,1
7300,1
14404,1
14669,1
14036,1
7085,1
3999,1
4323,1
7811,1
16334,1
16639,1
1620,1
17384,1
10653,1
13246,1
16445,1
6800,1
161,1
10859,1
18314,1
17018,1
11038,1
18036,1
12765,1
17569,1
16274,1
4787,1
12961,1
4086,1
7574,1
430,1
19976,1
10341,1
6960,1
17337,1
1932,1
5144,1
12021,1
1216,1
17129,1
10327,1
6799,1
3432,1
16941,1
14173,1
2701,1
14153,1
8593,1
6498,1
9173,1
5466,1
3409,1
6395,1
18803,1
9074,1
13944,1
15809,1
4867,1
8122,1
10037,1
18253,1
17621,1
1465,1
4944,1
7840,1
2427,1
11692,1
4270,1
9736,1
6656,1
15797,1
17500,1
18903,1
10205,1
105,1
4008,1
8160,1
11580,1
15853,1
11245,1
3181,1
9586,1
16776,1
17343,1
9637,1
15693,1
10318,1
18641,1
7846,1
4676,1
11548,1
1139,1
4028,1
12908,1
16859,1
4876,1
4815,1
7965,1
2213,1
16430,1
7986,1
10948,1
13428,1
16268,1
17681,1
8199,1
8790,1
5938,1
10608,1
18824,1
4540,1
13089,1
19028,1
4436,1
11495,1
19135,1
16356,1
13504,1
6786,1
8539,1
19132,1
4021,1
11571,1
655,1
7265,1
11996,1
4547,1
8570,1
12071,1
2195,1
19902,1
11156,1
14770,1
13149,1
8939,1
12013,1
7373,1
11518,1
5881,1
4233,1
14871,1
18920,1
5695,1
13956,1
10031,1
13208,1
19395,1
1912,1
19714,1
6233,1
9684,1
411,1
4133,1
5571,1
3698,1
10914,1
13192,1
13494,1
3923,1
12698,1
10128,1
5775,1
6514,1
1219,1
8354,1
19591,1
3701,1
3426,1
17349,1
1152,1
3905,1
12149,1
6014,1
7660,1
291,1
15929,1
4634,1
11235,1
58,1
8910,1
4964,1
17217,1
11443,1
17684,1
5559,1
11253,1
16778,1
5151,1
18349,1
14334,1
1570,1
5202,1
10266,1
7446,1
4590,1
9872,1
3493,1
5581,1
19324,1
16065,1
7209,1
14805,1
4585,1
13354,1
12364,1
3464,1
4761,1
8761,1
14055,1
17597,1
5691,1
5303,1
1271,1
5057,1
13916,1
13632,1
8785,1
16220,1
17277,1
10460,1
3829,1
3116,1
17004,1
11866,1
10830,1
15441,1
13499,1
2883,1
11723,1
2313,1
643,1
5200,1
10356,1
14594,1
13229,1
3805,1
1055,1
6731,1
8365,1
19144,1
6504,1
19598,1
7059,1
13793,1
3492,1
3895,1
19169,1
6230,1
3555,1
1630,1
15051,1
13323,1
16658,1
19087,1
5900,1
8389,1
10599,1
3622,1
16066,1
7480,1
1982,1
18169,1
14475,1
12936,1
9824,1
17988,1
14165,1
18982,1
19131,1
17881,1
3196,1
3027,1
4400,1
10960,1
3766,1
17477,1
13458,1
1573,1
15537,1
10071,1
17954,1
2103,1
17457,1
15072,1
19371,1
16256,1
12320,1
4240,1
14125,1
3784,1
10452,1
14102,1
13473,1
17341,1
11221,1
10339,1
5649,1
5653,1
17132,1
14831,1
8717,1
15231,1
3224,1
2019,1
437,1
7091,1
8109,1
17258,1
7232,1
6519,1
19851,1
13348,1
3614,1
7627,1
7919,1
4389,1
15278,1
7908,1
9070,1
10969,1
6208,1
13696,1
16616,1
5351,1
16378,1
19074,1
12507,1
9188,1
15516,1
821,1
13008,1
15131,1
17248,1
7369,1
19136,1
8276,1
1413,1
4657,1
5590,1
8190,1
19715,1
12845,1
13849,1
12185,1
1882,1
17770,1
16370,1
15307,1
15504,1
9068,1
11207,1
2536,1
13343,1
7902,1
1099,1
16406,1
16772,1
19705,1
9214,1
9186,1
17593,1
9646,1
17308,1
2692,1
5676,1
17414,1
4228,1
4532,1
233,1
7425,1
2944,1
4821,1
15575,1
16785,1
15764,1
14047,1
3182,1
15748,1
16681,1
8479,1
7043,1
17955,1
19661,1
5638,1
13892,1
12643,1
12880,1
13261,1
9103,1
9453,1
17993,1
18924,1
16368,1
15166,1
3485,1
18955,1
16237,1
18312,1
18357,1
16233,1
8774,1
16079,1
6577,1
14078,1
13860,1
9551,1
7219,1
16014,1
8569,1
7130,1
19866,1
5054,1
19743,1
14497,1
19560,1
9608,1
7271,1
2140,1
11131,1
16395,1
17485,1
2443,1
8737,1
476,1
1254,1
6180,1
2764,1
695,1
4337,1
17876,1
9187,1
9779,1
11268,1
1525,1
7920,1
10686,1
3260,1
14049,1
1576,1
17531,1
733,1
13062,1
11339,1
17328,1
16116,1
16911,1
4336,1
19566,1
3941,1
3642,1
19727,1
8074,1
10095,1
16128,1
15429,1
2942,1
7357,1
9364,1
8228,1
10410,1
14346,1
16928,1
7836,1
16944,1
1616,1
13294,1
18700,1
2492,1
1447,1
314,1
4777,1
2615,1
5038,1
18212,1
5636,1
14701,1
7760,1
15864,1
14852,1
13678,1
9895,1
7565,1
3812,1
14753,1
16492,1
2296,1
18673,1
1263,1
19379,1
19807,1
11653,1
8758,1
5583,1
5831,1
10373,1
1218,1
4225,1
16177,1
5167,1
10491,1
13248,1
18605,1
13108,1
19736,1
179,1
12449,1
10699,1
10695,1
6170,1
5243,1
18137,1
3332,1
10932,1
5026,1
13161,1
3258,1
6888,1
5814,1
14821,1
15960,1
6156,1
16641,1
19701,1
2449,1
17887,1
9875,1
7774,1
19101,1
6009,1
9734,1
15558,1
6990,1
4505,1
11081,1
18373,1
16454,1
4772,1
15466,1
14005,1
15734,1
4236,1
5308,1
14042,1
2458,1
15953,1
16120,1
6309,1
8728,1
843,1
2569,1
13338,1
1723,1
19195,1
10208,1
13086,1
12911,1
19386,1
7951,1
7934,1
10260,1
16340,1
16854,1
15804,1
9148,1
7292,1
11550,1
3541,1
16212,1
18690,1
17715,1
19464,1
17063,1
11087,1
12950,1
5905,1
2852,1
14850,1
19427,1
3984,1
15789,1
11194,1
950,1
18880,1
11222,1
13450,1
12088,1
18164,1
4702,1
9248,1
1598,1
12270,1
16127,1
19429,1
18983,1
4560,1
17845,1
3849,1
10087,1
16343,1
5436,1
6429,1
15915,1
11644,1
2282,1
19775,1
9029,1
17449,1
12286,1
13568,1
9314,1
11561,1
15398,1
13716,1
11370,1
276,1
12022,1
16621,1
17298,1
2912,1
1173,1
4488,1
11273,1
9916,1
14257,1
19806,1
18131,1
8934,1
6692,1
8515,1
7505,1
4223,1
3296,1
12797,1
1356,1
15920,1
9419,1
2312,1
15725,1
9396,1
10465,1
2885,1
2801,1
4824,1
13982,1
2486,1
8001,1
5812,1
5767,1
14164,1
4307,1
11089,1
2763,1
9627,1
9957,1
7834,1
40,1
17424,1
3588,1
15093,1
16717,1
14350,1
4905,1
7634,1
2133,1
9686,1
8724,1
5687,1
8907,1
10199,1
2733,1
14296,1
9609,1
11927,1
4721,1
4893,1
16412,1
17976,1
10636,1
10451,1
4327,1
11416,1
14629,1
14948,1
6941,1
1266,1
19813,1
5838,1
13601,1
18644,1
12012,1
1308,1
18456,1
16601,1
18506,1
10438,1
3679,1
14741,1
8059,1
968,1
16280,1
10005,1
15265,1
229,1
6117,1
9092,1
3379,1
17009,1
9318,1
19116,1
8779,1
11619,1
11721,1
14918,1
6007,1
3677,1
14091,1
14121,1
8673,1
9910,1
7568,1
15973,1
7749,1
4695,1
13467,1
18430,1
7434,1
371,1
5484,1
7171,1
13751,1
9994,1
14711,1
3798,1
4877,1
4555,1
13583,1
18611,1
5827,1
1170,1
4226,1
15592,1
12373,1
16869,1
1420,1
18586,1
18364,1
17726,1
4248,1
4728,1
766,1
11531,1
15522,1
17538,1
19615,1
16614,1
16595,1
10809,1
9966,1
15653,1
12980,1
11486,1
9757,1
2294,1
849,1
12387,1
15536,1
12598,1
18566,1
3985,1
12828,1
13649,1
14724,1
2966,1
16803,1
14800,1
4910,1
11172,1
16599,1
3716,1
16426,1
14639,1
10979,1
14015,1
1664,1
14034,1
4817,1
2423,1
10522,1
13551,1
5342,1
16413,1
12069,1
5942,1
14409,1
9485,1
9687,1
937,1
7307,1
11464,1
4506,1
1064,1
9420,1
15250,1
7844,1
18328,1
413,1
13812,1
15448,1
13701,1
15687,1
14075,1
9067,1
13254,1
18235,1
9333,1
6608,1
19269,1
18115,1
14236,1
11028,1
7715,1
8426,1
10109,1
12213,1
13941,1
17333,1
19940,1
10650,1
10332,1
8773,1
7304,1
19631,1
3453,1
14281,1
7983,1
15698,1
16009,1
18753,1
15272,1
2761,1
17140,1
12708,1
17511,1
11064,1
17297,1
1491,1
4655,1
13752,1
7784,1
13288,1
7515,1
14309,1
8351,1
16259,1
12367,1
9633,1
3635,1
1974,1
10601,1
1711,1
670,1
8748,1
7477,1
2847,1
3795,1
5806,1
10030,1
2804,1
2924,1
398,1
17971,1
8679,1
12518,1
7658,1
18886,1
14898,1
13925,1
14721,1
13762,1
5447,1
7073,1
7117,1
18963,1
12443,1
7348,1
8666,1
17696,1
7395,1
11842,1
16689,1
17435,1
15173,1
7870,1
9052,1
2708,1
9983,1
5609,1
17896,1
16980,1
14581,1
12354,1
4114,1
15772,1
12065,1
2903,1
19732,1
1753,1
16155,1
14596,1
6628,1
9146,1
15520,1
11832,1
14562,1
16812,1
5678,1
6693,1
13537,1
13218,1
10293,1
7378,1
17515,1
7838,1
669,1
17075,1
16307,1
6439,1
18412,1
12870,1
10394,1
16185,1
7460,1
6978,1
6391,1
5665,1
5345,1
12391,1
8714,1
7703,1
14729,1
12614,1
16929,1
5320,1
8789,1
602,1
5731,1
16317,1
4239,1
12063,1
2477,1
2076,1
11302,1
19637,1
19905,1
6738,1
4061,1
9201,1
17916,1
16675,1
1169,1
12735,1
11520,1
7123,1
7261,1
9026,1
4273,1
2251,1
14834,1
8695,1
16994,1
5644,1
11603,1
15460,1
7610,1
7966,1
4519,1
6209,1
4663,1
1392,1
12254,1
13603,1
7538,1
10303,1
15847,1
9500,1
7858,1
16354,1
16783,1
15989,1
14500,1
13265,1
675,1
6018,1
18954,1
13199,1
15148,1
13869,1
19876,1
4802,1
11086,1
4911,1
10539,1
3649,1
830,1
15073,1
16892,1
7063,1
14142,1
16570,1
13313,1
6950,1
15730,1
5022,1
19475,1
2922,1
14221,1
5062,1
12252,1
13702,1
13082,1
2916,1
16385,1
13576,1
18683,1
1330,1
2488,1
17107,1
400,1
14759,1
12459,1
18292,1
1085,1
18442,1
10470,1
4987,1
14836,1
13217,1
12953,1
13390,1
10910,1
17611,1
11738,1
18044,1
11530,1
15213,1
10810,1
3273,1
2707,1
13611,1
19957,1
9613,1
9800,1
1587,1
4571,1
4362,1
10222,1
9284,1
12759,1
2354,1
12099,1
36,1
19507,1
2651,1
17799,1
17471,1
8654,1
12228,1
10084,1
2136,1
15046,1
3627,1
10237,1
10156,1
6386,1
14159,1
8409,1
13148,1
11454,1
13381,1
6441,1
1878,1
13779,1
365,1
18362,1
14550,1
15824,1
10077,1
11591,1
16657,1
18076,1
11625,1
1351,1
3601,1
4569,1
3277,1
6057,1
17106,1
3389,1
3530,1
1812,1
7946,1
8943,1
19295,1
9386,1
16718,1
9377,1
14419,1
17716,1
8303,1
11897,1
11449,1
12427,1
7883,1
15395,1
3980,1
6049,1
19872,1
12866,1
14423,1
584,1
10956,1
18219,1
12718,1
8104,1
302,1
11160,1
4962,1
19411,1
15188,1
19412,1
17233,1
17790,1
7152,1
15848,1
3288,1
16467,1
4844,1
7126,1
14348,1
4729,1
14320,1
14690,1
7329,1
263,1
14751,1
10430,1
12943,1
2986,1
592,1
13432,1
8936,1
19020,1
17891,1
19472,1
14954,1
10898,1
11661,1
10554,1
7326,1
19798,1
13841,1
14826,1
14795,1
1311,1
10432,1
1689,1
13597,1
16240,1
10685,1
9614,1
16042,1
5641,1
4558,1
7119,1
10757,1
6845,1
4296,1
5821,1
17166,1
16956,1
8629,1
457,1
524,1
19825,1
17118,1
19955,1
15009,1
3919,1
280,1
7387,1
3162,1
16852,1
6850,1
1594,1
2726,1
10642,1
9688,1
11970,1
3956,1
974,1
16109,1
10637,1
12040,1
15875,1
12806,1
15236,1
14033,1
10531,1
11359,1
15745,1
1045,1
17095,1
19709,1
19556,1
4430,1
19962,1
10382,1
9662,1
18987,1
19557,1
8843,1
11847,1
13264,1
6331,1
14551,1
7981,1
13626,1
8108,1
18025,1
3424,1
18075,1
12242,1
8800,1
15625,1
7861,1
12339,1
19404,1
19724,1
7392,1
15614,1
6597,1
12749,1
12888,1
17744,1
18390,1
2531,1
6933,1
5031,1
333,1
4804,1
10159,1
2657,1
11690,1
3748,1
3173,1
12679,1
14319,1
2468,1
9768,1
4146,1
16705,1
544,1
6024,1
14086,1
228,1
8574,1
6081,1
14883,1
19757,1
18877,1
2165,1
15343,1
841,1
12094,1
9724,1
9795,1
10509,1
4109,1
15432,1
6989,1
3436,1
4621,1
18620,1
1646,1
181,1
12812,1
4121,1
17820,1
12555,1
16227,1
311,1
15313,1
16399,1
12677,1
11664,1
7286,1
12272,1
11511,1
17764,1
13625,1
3868,1
19711,1
241,1
10178,1
1994,1
18072,1
8203,1
11260,1
14630,1
18450,1
6661,1
2900,1
5172,1
18158,1
13630,1
14496,1
10449,1
15724,1
15944,1
4661,1
19627,1
18250,1
260,1
10710,1
8450,1
4361,1
5562,1
652,1
14155,1
11135,1
18190,1
19351,1
10278,1
8582,1
13293,1
7576,1
16579,1
7156,1
3350,1
18041,1
19107,1
16085,1
18006,1
3502,1
